Year,Economy,EconomyCode,Region,IncomeGroup,What is the legal age of marriage for girls?,Legal Bases,Are there any exceptions to the legal age of marriage?,Legal Bases,Is marriage under the legal age void or explicitly prohibited?,Legal Bases,Are there penalties for authorizing or entering into child or early marriage?,Legal Bases,Does the legislation establish clear criminal penalties for domestic violence?,Legal Bases,Is there a specialized court or procedure for cases of domestic violence?,Legal Bases,Can a woman obtain a national identity card in the same way as a married man? ,Legal Bases,Is customary law a valid source of law under the constitution?,Legal Bases,"If customary law is a valid source of law under the constitution, is it considered invalid if it violates constitutional provisions on nondiscrimination or equality?",Legal Bases
2020,Afghanistan,AFG,South Asia,Low income,16,"Civil Code, Art. 70",Yes,"Civil Code, Art. 71",Yes,"Civil Code, Art. 71; Law on Elimination of Violence Against Women, Art. 28",Yes,"Law on Elimination of Violence Against Women, Art. 28; Civil Code, Art. 71",No,No applicable provisions could be located,No,No applicable provisions could be located,Yes,ID card application form ,No,Constitution of Afghanistan,N/A,
2020,Albania,ALB,Europe & Central Asia,Upper middle income,18,"Family Code, Art. 7",Yes,"Family Code, Art. 7",Yes,"Family Code, Art. 39",No,No applicable provisions could be located,Yes,"Criminal Code, Art. 130/a",Yes,"Law on Measures Against Violence in Family Relations, Chapter IV",Yes," Law on Identity Document of Albanian Citizens, Arts. 1-3",No,Constitution of Albania,N/A,
2020,Algeria,DZA,Middle East & North Africa,Lower middle income,19,"Code de la Famille, Art. 7",Yes,"Code de la Famille, Art. 7",Yes,"Code de la Famille, Arts. 13 et 33",No,No applicable provisions could be located,Yes,"Loi No. 15-19 du 30 décembre 2015, Arts. 2 (266. Bis- 266. bis 1) et 4 (330. Bis)",No,No applicable provisions could be located,No,"ID card application form; Décret présidentiel n° 17-143 du 18 avril 2017 fixant les modalités d'établissement de la carte nationale d'identité, sa délivrance et son renouvellement, Art. 11",No,Constitution de la République Algérienne Démocratique et Populaire,N/A,
2020,Angola,AGO,Sub-Saharan Africa,Lower middle income,18,"Family Code, Art. 24(1)",Yes,"Family Code, Art. 24(2-3)",Yes,"Family Code, Arts. 27 and 65(a)",No,No applicable provisions could be located,Yes,"Law Against Domestic Violence No. 25/11, Arts. 6 and 22-25",Yes,"Law Against Domestic Violence No. 25/11, Ch. VI; Presidential Decree No. 124/13, Ch. VI",Yes,"Law No. 17/96, Art. 4; Law No. 4/09, Arts. 3, 19 and 20 (amended by Law No. 20/17)",Yes,"Constitution of the Republic of Angola, Arts. 7 and 223",Yes,"Constitution of the Republic of Angola, Arts. 7 and 223"
2020,Antigua and Barbuda,ATG,Latin America & Caribbean,High income,18,"The Marriage Amendment Act, Secs. 3 and 4",No,No applicable provisions could be located,Yes,"The Marriage Act, Sec. 25; The Marriage Amendment Act, Secs. 3 and 4",No,No applicable provisions could be located,No,No applicable provisions could be located,Yes,"Domestic Violence Act 2015, Sec. 26",N/A,No applicable provisions could be located ,No,Antigua and Barbuda Constitution Order 1981,N/A,
2020,Argentina,ARG,Latin America & Caribbean,Upper middle income,18,"Código Civil y Comercial de la Nación, Art. 403(f)",Yes,"Código Civil y Comercial de la Nación, Art. 404",Yes,"Código Civil y Comercial de la Nación, Art. 425(a)",No,No applicable provisions could be located,Yes,"Código Penal, Arts. 80(1), 92 y 133",Yes,"Ley No. 26.485, Título III, Capitulo I-II; Ley Nacional 24.417",Yes,"Ley No.17.671 de Identificación Registro y Clasificación del Potencial Humano Nacional, Arts. 1 y 7; ID card application procedures",No,Constitución de la Nación Argentina,N/A,
2020,Armenia,ARM,Europe & Central Asia,Upper middle income,18,"Family Code, Art. 10(1)",Yes,"Family Code, Art. 10(1)",Yes,"Family Code, Art. 20(2)",No,No applicable provisions could be located,No,No applicable provisions could be located,No,No applicable provisions could be located,Yes,"Law on Identification Cards, Arts. 3 and 4",No,Constitution of the Republic of Armenia,N/A,
2020,Australia,AUS,High income: OECD,High income,18,"Marriage Act 1961, Secs. 5 and 11",Yes,"Marriage Act 1961, Secs. 12 and 13",Yes,"Marriage Act 1961, Sec. 23B(1)(e)",Yes,"Marriage Act 1961, Sec. 95",Yes,"Crimes (Domestic and Personal Violence) Act, Secs. 4 and 11-13",Yes,"Crimes (Domestic and Personal Violence) Act 2007, Part 10-12",N/A,No applicable provisions could be located,No,Commonwealth of Australia Constitution Act,N/A,
2020,Austria,AUT,High income: OECD,High income,18,"Marriage Act, Sec. 1(1)",Yes,"Marriage Act, Sec. 1(2)",Yes,"Marriage Act, Sec. 22(1)",No,No applicable provisions could be located,No,No applicable provisions could be located,Yes,"Police Act, Sec. 38(a); Second Protection Against Violence Act, Art. 1; Executive Order No. 79/1896, Sec. 382b",Yes,"Security Police Act, Art. 35a; ID card application procedures",No,Austrian Federal Constitutional Laws,N/A,
2020,Azerbaijan,AZE,Europe & Central Asia,Upper middle income,18,"Family Code, Art. 10.1",Yes,"Family Code, Art. 10.2",Yes,"Family Code, Art. 25",No,No applicable provisions could be located,No,No applicable provisions could be located,Yes,"Law on Prevention of Domestic Violence, Arts. 10-12",Yes,"Law on ID Cards, Arts. 1 and 4; ID application procedures",No,"Constitution of the Republic of Azerbaijan, Art. 148",N/A,
2020,"Bahamas, The",BHS,Latin America & Caribbean,High income,18,"Marriage Act, Sec. 20(1)",Yes,"Marriage Act, Sec. 20(2) and 50",Yes,"Marriage Act, Sec. 50",Yes,"Penal Code, Sec. 485",No,No applicable provisions could be located,Yes,"Domestic Violence (Protection Orders) Act, Secs. 3-20",N/A,No applicable provisions could be located ,No,Constitution of the Commonwealth of the Bahamas,N/A,
2020,Bahrain,BHR,Middle East & North Africa,High income,..,No applicable provisions could be located,Yes,"Decision on the Development of a List of Legally Authorized Persons and the Provisions of Documentation of Personal Status Papers, Art. 12;  Family Law No. 19, Art. 20",No,No applicable provisions could be located,No,No applicable provisions could be located,No,No applicable provisions could be located,No,No applicable provisions could be located,Yes,Identity Card Law No. 46/2006; and ID card application procedures,No,Constitution of the Kingdom of Bahrain,N/A,
2020,Bangladesh,BGD,South Asia,Lower middle income,18,"The Child Marriage Restraint Act, 2017, Sec. 2(i), (iii)",Yes,"The Child Marriage Restraint Act, 2017, Sec. 19",No,No applicable provisions could be located,Yes,"Child Marriage Restraint Act, 2017, Secs. 5 and 7-9",Yes,"Domestic Violence (Prevention and Protection) Act, 2010, Secs. 21, 22 and 30; The Penal Code, 1860",Yes,"Domestic Violence (Prevention and Protection) Act, 2010, Ch. 5, Sec. 21",Yes,"National Identity Registration Act 2010, Sec. 5; ID card application procedures",Yes,"Constitution of Bangladesh, Art. 152",Yes,"Constitution of Bangladesh, Arts. 7 and 26"
2020,Barbados,BRB,Latin America & Caribbean,High income,18,"Marriage Act, Sec. 2 and 26(1); Minors Act, 1974, Sec. 3",Yes,"Marriage Act, Sec. 4(1) and 26",Yes,"Marriage Act, Sec. 4(1)",Yes,"Marriage Act, Sec. 37",No,No applicable provisions could be located,Yes,"Domestic Violence (Protection Orders) Act, Sec. 18-22",Yes,"Statistics Act Ch. 192, Sec. 24; ID card application procedures",No,The Constitution of Barbados,N/A,
2020,Belarus,BLR,Europe & Central Asia,Upper middle income,18,"Marriage and Family Code of the Republic of Belarus, Art. 18",Yes,"Marriage and Family Code of the Republic of Belarus, Art. 18",Yes,"Marriage and Family Code of the Republic of Belarus, Art. 45",No,No applicable provisions could be located,No,No applicable provisions could be located,Yes,"Law on Basic Activities Aimed at Offence Prevention, Art. 31",N/A,No applicable provisions could be located ,No,Constitution of the Republic of Belarus,N/A,
2020,Belgium,BEL,High income: OECD,High income,18,"Code Civil, Art 144",Yes,"Code Civil, Arts. 145 et 148",Yes,"Code Civil, Arts. 144 et 184",Yes,"Code Pénal, Art. 265",Yes,"Code penal, Art. 410",Yes,Loi du 15 mai 2012,Yes,"Loi Relative aux Registres de la Population, aux Cartes Documents de Séjour, Art. 6; ID card application form",No,La Constitution Belge,N/A,
2020,Belize,BLZ,Latin America & Caribbean,Upper middle income,18,"Marriage Act, Sec. 5(3)",Yes,"Marriage Act, Secs. 4(1), 5(1) and 6",Yes,"Marriage Act, Secs. 4(1), 34 and 58",Yes,"Criminal Code, Secs. 315, 317 and 318",Yes,"Domestic Violence Act, 2007, Sec. 28",Yes,"Domestic Violence Act, 2007, Part III",N/A,No applicable provisions could be located ,No,No applicable provisions could be located,N/A,
2020,Benin,BEN,Sub-Saharan Africa,Lower middle income,18,"Loi No. 2002–07 Portant Code des personnes et de la famille, Arts. 120 and 123",Yes,"Loi No. 2002–07 Portant Code des personnes et de la famille, Arts. 120 et 123",Yes,"Loi No. 2002-07 Portant Code des personnes et de la famille, Arts. 144-148",No,No applicable provisions could be located,Yes,"Loi No. 2011-26 du 09 janvier 2012 Portant prévention et répression des violences faites aux femmes, Arts. 30, 32 et 33",Yes,"Loi No. 2011-26 du 09 janvier 2012 Portant prévention et répression des violences faites aux femmes, Art. 16",No,ID card application procedures ,Yes,"Constitution de la République du Bénin, Art. 98",Yes,"Constitution de la République du Bénin, Arts. 26 and 98"
2020,Bhutan,BTN,South Asia,Lower middle income,18,"Marriage Act of Bhutan, 1980, Kha 1-11 and 8-20; Child Care and Protection Act of Bhutan 2011, Art. 16",No,No applicable provisions could be located,No,No applicable provisions could be located,Yes,"Marriage Act of Bhutan, 1980, Kha 8-20",Yes,"Domestic Violence Prevention Act of Bhutan 2013, Secs. 75-76",Yes,"Domestic Violence Prevention Act of Bhutan 2013, Ch. VI; Domestic Violence Prevention Rules and Regulations, 2015, Ch. 5",Yes,ID card application procedures; ID card application form,No,Constitution of the Kingdom of Bhutan,N/A,
2020,Bolivia,BOL,Latin America & Caribbean,Lower middle income,18,"Código Civil, Art. 4; Código de las Familias y del Proceso Familiar, Art. 139",Yes,"Código de las Familias y del Proceso Familiar, Art. 139",No,No applicable provisions could be located,No,No applicable provisions could be located,Yes,"Ley No. 348, Art. 84(Art. 272 bis)",Yes,"Ley No. 348, Arts. 61-68; Ley No. 1674, Cap. IV y VI",Yes,"Ley No.145 del Servicio General de Identificación Personal y del Servicio General de  Licencias  para Conducir, Arts. 4(a) y 18 (I); ID card application procedures",No,Constitución Política del Estado Plurinacional de Bolivia,N/A,
2020,Bosnia and Herzegovina,BIH,Europe & Central Asia,Upper middle income,18,"Family Law of the Federation of the Bosnia and Herzegovina, Art. 15(1); Family Law the Republika Srpska, Art. 36(1)",Yes,"Family Law of the Federation of the Bosnia and Herzegovina, Art. 15(2); Family Law the Republika Srpska, Art. 36(2)",Yes,"Family Law of the Federation of the Bosnia and Herzegovina, Art. 34 and 39(1); Family Law the Republika Srpska, Art. 45 and 51",Yes,"Criminal Code of the Federation of Bosnia and Herzegovina, Art. 212; Criminal Code of the Republika Srpska, Art. 182",Yes,"Criminal Code of the Republika Srpska, Art. 190; Criminal Code of the Federation of Bosnia and Herzegovina, Art. 218",Yes,"Law on Protection from Domestic Violence in the Federation of Bosnia and Herzegovina, Arts. 3, 4, 5 and Part IV; Law on Protection from Domestic Violence of the Republika Srpska, Part IV",Yes,"Law on Identity Cards, Arts. 1 and 3 ",No,Constitution of Bosnia and Herzegovina,N/A,
2020,Botswana,BWA,Sub-Saharan Africa,Upper middle income,21,"Marriage Act, Sec. 15",Yes,"Marriage Act, Secs. 14 and 15",No,No applicable provisions could be located,Yes,"Marriage Act, Sec. 19",No,No applicable provisions could be located,Yes,"Domestic Violence Act, Secs. 3-8",Yes,National Registration Act; ID card application procedures,Yes,"Constitution of Botswana, Art. 15",No,"Constitution of Botswana, Art. 15(4)"
2020,Brazil,BRA,Latin America & Caribbean,Upper middle income,18,"Civil Code, Arts. 5 and 1.517     ",Yes,"Civil Code, Art. 1.517     ",No,http://www.planalto.gov.br/ccivil_03/_Ato2019-2022/2019/Lei/L13811.htm#art1,No,No applicable provisions could be located     ,Yes,"Law No. 11340, Arts. 17, 43 and 44; Criminal Code, Arts. 61(f) and 129(9)  ",Yes,"Law No. 11.340, Arts. 8(IV) and 35(III); State Law No 5.467/1986",Yes,"ID card application procedures; Decree No. 9278, Arts. 2 and 3",No,Constitution of the Federative Republic of Brazil,N/A,
2020,Brunei Darussalam,BRN,East Asia & Pacific,High income,18,"Registration of Marriages Act, Sec. 4(1)(c); Marriage Act, Secs. 2 and 7(1)",Yes,"Registration of Marriages Act, Sec. 4(1)(c); Marriage Act, Secs. 2, 7(1) and Second Schedule",N/A,,Yes,"Registration of Marriages Act, Sec. 14(1)(a); Marriage Act, Sec. 30",No,No applicable provisions could be located,Yes,"Married Women Act, Secs. 18B-18E; Islamic Family Law, Secs. 60B-60E",Yes,"National Registration Regulations, Arts. 4 and 5; ID card application form",No,Constitution of Brunei Darussalam,N/A,
2020,Bulgaria,BGR,Europe & Central Asia,Upper middle income,18,"Family Code, Art. 6(1)",Yes,"Family Code, Art. 6(2)",Yes,"Family Code, Arts. 46(1)(1) and 47(1)(1)",Yes,"Criminal Code, Art. 176",Yes,"Criminal Code, Art. 93(31),116 (par.6, item 6a), 131 (par. 1, item 5a), 142 ( par. 2, item 5a), 142a (4), 143 ( 3),144 (3) and 144a (3)",Yes,"Protection Against Domestic Violence Act, Ch. 2",Yes,"Law for Bulgarian Identification Documents, Art. 18; ID card application procedure",No,Constitution of the Republic of Bulgaria,N/A,
2020,Burkina Faso,BFA,Sub-Saharan Africa,Low income,20,"Code des Personnes et de la Famille, Art. 238",Yes,"Code des Personnes et de la Famille, Arts. 238 and 241",No,No applicable provisions could be located,No,No applicable provisions could be located,Yes,"Loi No. 025-2018/AN Portant Code Pénal, Art. 531-9",Yes,"Loi No. 061-2015/CNT portant prévention, répression et réparation des violences à légard des femmes et des filles et prise en charge des victimes, Arts. 3 et 31-34",Yes,"Police Nationale du Burkina Faso; Loi No. 5-21/AN Portant Institution d’une Carte Nationale d’identite Burkinabe, Art. 2",Yes,"Constitution du Burkina Faso, Art. 101",Yes,"Constitution du Burkina Faso, Art. 101"
2020,Burundi,BDI,Sub-Saharan Africa,Low income,21,"Loi No. 1/024 du 28 Avril 1993 Portant Réforme du Code des Personnes et de la Famille, Arts. 88, 89 and 335",Yes,"Loi No. 1/024 du 28 Avril 1993 Portant Réforme du Code des Personnes et de la Famille, Arts. 88-92",Yes,"Loi No. 1/024 du 28 Avril 1993 Portant Réforme du Code des Personnes et de la Famille, Art. 148",Yes,"Loi No. 1/024 du 28 Avril 1993 Portant Réforme du Code des Personnes et de la Famille, Art. 120; Loi No. 1/13 du 22 septembre 2016 portant prévention, protection des victimes et répression des Violences Basées sur le Genre, Art. 44",Yes,"Loi No. 1/27 du 29 décembre 2017 portant révision du Code pénal, Arts. 558, 559, 560; Loi No. 1/13 du 22 septembre 2016 portant prévention, protection des victimes et répression des Violences Basées sur le Genre, Arts. 27, 49, 50 et 59",No,No applicable provisions could be located,Yes,"Ordonnance Ministérielle No. 530/060 - Carte Nationale d’Identité, Art. 4",No,Constitution de la République du Burundi,N/A,
2020,Cabo Verde,CPV,Sub-Saharan Africa,Lower middle income,18,"Civil Code, Arts. 133 and 1566",Yes,"Civil Code, Arts. 1567(a), 1570(1)(d) and 1575",Yes,"Civil Code, Arts. 1593(a), 1600 and 1604(1)(a)",No,No applicable provisions could be located,Yes,"Act No. 84/VII/2011 on Gender Based Violence, Art. 23; Penal Code, Art. 134",Yes,"Act No. 84/VII/2011 on Gender Based Violence, Arts. 30 and 35-38",Yes,ID card application procedures ,No,Constitution of the Republic of Cabo Verde,N/A,
2020,Cambodia,KHM,East Asia & Pacific,Lower middle income,18,"Civil Code, Art. 948; Law on Marriage and Family, Arts. 4-5",Yes,"Civil Code, Arts. 948 and 953; Law on Marriage and Family, Arts. 5 and 22",Yes,"Civil Code, Art. 961",No,No applicable provisions could be located,Yes,"Law on the Prevention of Domestic Violence and the Protection of Victims, Arts. 19 and 35; Criminal Code, Art. 222",Yes,"Law on the Prevention of Domestic Violence and the Protection of Victims, Arts. 25 and 28-30",Yes,"Sub-Decree National Identity Cards No. 60, Art. 5",No,Constitution of the Kingdom of Cambodia,N/A,
2020,Cameroon,CMR,Sub-Saharan Africa,Lower middle income,21,"Ordonnance No. 81/002 du 29 Juin 1981, Art. 64(2); Code Civil, Art. 488",Yes,"Ordonnance No. 81/002 du 29 Juin 1981, Arts. 52 and 64(2)",No,No applicable provisions could be located,Yes,"Code Penal, Art. 356(3)",No,No applicable provisions could be located,No,No applicable provisions could be located,No,"Décret No. 2016/375 du 4 Aout 2016, Art. 6(a); ID card application procedures",No,Constitution de la République du Cameroun,N/A,
2020,Canada,CAN,High income: OECD,High income,18,"Marriage Act, Sec. 5(1); Age of Majority Act and Accountability Act, Sec. 1",Yes,"Marriage Act, Sec. 5 and 6",No,No applicable provisions could be located,Yes,"Criminal Code, Sec. 293.2 and 295",Yes,"Criminal Code, Arts. 278 and 718.2(a)(ii)",Yes,Domestic Violence Court Program - Ontario Ministry of the Attorney General,N/A,No applicable provisions could be located,No,"Constitution Act, 1982",N/A,
2020,Central African Republic,CAF,Sub-Saharan Africa,Low income,18,"Loi No. 97.013 portant Code de la Famille, Arts. 209 et 211",Yes,"Loi No. 97.013 portant Code de la Famille, Arts. 209 et 211",Yes,"Loi No. 97.013 portant Code de la Famille, Art. 238(2)",No,No applicable provisions could be located,Yes,"Loi No. 06.032 du 27 Décembre 2006, portant Protection de la Femme contre la Violence, Arts. 1, 9 et 29",No,No applicable provisions could be located,Yes,ID card sample,No,Constitution de la République Centrafricaine de 2015,N/A,
2020,Chad,TCD,Sub-Saharan Africa,Low income,21,"Code Civil, Arts. 158 et 159",Yes,"Code Civil, Arts. 148, 158 and 159; Décret 029/PR/2015 du 21 juillet 2015 ratifiant l'Ordonnance No. 006/PR/2015 Portant Interdiction du Marriage d'Enfants, Arts. 1-3",Yes,"Ordonnace No. 006/PR/2015 du 14 mars 2015 portant interdiction du mariage d'enfants, Art. 1",Yes,"Ordonnace No. 006/PR/2015 du 14 mars 2015 portant interdiction du mariage d'enfants, Arts. 4 et 5",Yes,"Loi No. 001/PR/2017 du 8 mai 2017 portant Code Pénal, Art. 342",No,No applicable provisions could be located,Yes,ID card application procedures ,Yes,"Constitution de la République du Tchad, Arts. 157-159 et Titre XIII",Yes,"Constitution de la République du Tchad du 04 mai 2018, Art. 161"
2020,Chile,CHL,High income: OECD,High income,18,"Código Civl, Art. 106",Yes,"Código Civil, Arts. 107 y 109-112; Ley de Matrimonio Civil No. 19.947, Art. 5(3)",Yes,"Ley de Matrimonio Civil No. 19.947, Arts. 44(a), 46(a) y 48(a)",Yes,"Código Penal, Art. 388",No,No applicable provisions could be located,Yes,"Ley No. 20.066 de Violencia Intrafamiliar, Arts. 6, 13 y 16; Ley No. 19.968 crea los Tribunales de Familia, Arts. 13 y 81-101",Yes,ID card application procedures ,No,Constitución Política de la República de Chile,N/A,
2020,China,CHN,East Asia & Pacific,Upper middle income,20,"Civil Code, Art. 1047",No,No applicable provisions could be located,Yes,"Civil Code, Art. 1051(3)",No,No applicable provisions could be located,Yes,"Anti-Domestic Violence Law, Art. 33; Criminal Law, Art. 260",No,No applicable provisions could be located,Yes,"Regulations of the People's Republic of China Concerning Resident Identity Cards, Art. 3; ID card application procedures",No,Constitution of the People's Republic of China,N/A,
2020,Colombia,COL,Latin America & Caribbean,Upper middle income,18,"Código Civil, Art. 116",Yes,"Código Civil, Arts. 117 y 140",Yes,"Código Civil, Art. 140(2)",No,No applicable provisions could be located,Yes,"Código Penal, Arts. 119, 211(5) y 229",Yes,"Ley No. 294 de 1996, Título III; Decreto No. 2734 de 2012",Yes,"ID card application procedures Decreto 126 de 1970, Arts. 19 y 117",No,Constitución Política de Colombia,N/A,
2020,Comoros,COM,Sub-Saharan Africa,Lower middle income,..,"Code de la Famille, Arts. 14 et 21-23",Yes,"Code de la Famille, Art. 15",No,No applicable provisions could be located,Yes,"Code Pénal, Art. 172",Yes,"Loi No. 14-036/AU, Arts. 29-31",No,No applicable provisions could be located,Yes,"Loi Instituant une Carte Nationale d’Identité, Art. 2; ID card application procedures",No,La Constitution Comorienne,N/A,
2020,"Congo, Dem. Rep.",ZAR,Sub-Saharan Africa,Low income,18,"Loi No. 09/001 du 10 janvier 2009 portant protection de l'enfant, Arts. 2 et 48; Loi No. 16/008 du 15 Juillet 2016 Modifiant et Complétant la Loi No. 87-010 du 1er Aout 1987 Portant Code de la Famille, Art. 352",No,No applicable provisions could be located,No,No applicable provisions could be located,Yes,"Loi No. 16/008 du 15 Juillet 2016 Modifiant et Complétant la Loi No. 87-010 du 1er Aout 1987 Portant Code de la Famille, Arts. 420, 422, 423 et 425",No,No applicable provisions could be located,No,No applicable provisions could be located,N/A,No applicable provisions could be located,Yes,"Constitution de la République Démocratique du Congo, Arts. 153 et 207",Yes,"Constitution de la République Démocratique du Congo, Art. 207"
2020,"Congo, Rep.",COG,Sub-Saharan Africa,Lower middle income,18,"Code de la Famille, Art. 128 ",Yes,"Code de la Famille, Arts. 128 and 130-133",Yes,"Code de la Famille, Art. 156(3)",No,No applicable provisions could be located,No,No applicable provisions could be located,No,No applicable provisions could be located,No,"Décret No. 27-27 du 2 Avril 2007, Arts. 1(7) et 8; ID card application procedures",No,Constitution de la République du Congo,N/A,
2020,Costa Rica,CRI,Latin America & Caribbean,Upper middle income,18,"Código de Familia, Art. 14(7)",No,No applicable provisions could be located,Yes,"Código de Familia, Arts. 14(7) y 64",Yes,"Código Penal, Arts. 176 y 179",Yes,"Ley de Penalización de la Violencia contra las Mujeres No. 8589, Cap. II",Yes,"Ley contra la Violencia Doméstica No. 7586, Cap. III; Creación de un Juzgado de Violencia Doméstica en el Segundo Circuito Judicial de San José Ley No. 8128",Yes,"Ley No. 3504 Orgánica del Tribunal Supremo de Elecciones y del Registro Civil, Art. 89; ID card application procedures",No,Constitución Política de la Republica de Costa Rica,N/A,
2020,Côte d'Ivoire,CIV,Sub-Saharan Africa,Lower middle income,18,"Loi No. 2019-570 du 26 juin 2019 relative au mariage, Art. 2",No,No applicable provisions could be located,Yes,"Loi No. 2019-570 du 26 juin 2019 relative au mariage, Art. 26",No,No applicable provisions could be located,No,No applicable provisions could be located,No,No applicable provisions could be located,Yes,"Loi No. 24-33 du 3 Mai 24 Relative a l’Identification des Personnes et au Séjour des Etrangers en Côte d’Ivoire, Art. 3; ID card application procedures",Yes,"Constitution de la République de Côte d'Ivoire, 2016, Arts. 101 et 175",Yes,"Constitution de la République de Côte d'Ivoire, Art. 101"
2020,Croatia,HRV,Europe & Central Asia,High income,18,"Family Law, Art. 25(1)",Yes,"Family Law, Art. 25(2)",Yes,"Family Law, Art. 29",Yes,"Criminal Code, Art. 168",Yes,"Law on Protection Against Domestic Violence 126/19, Art. 22; Criminal Code, Art. 179a",Yes,"Law on Protection Against Domestic Violence 126/19, Arts. 4-5 and 11-19; Rules of Procedure in Cases of Domestic Violence ",Yes,"Law on Identity Cards, Art. 3; ID card application procedures",No,Constitution of the Republic of Croatia,N/A,N/A
2020,Cyprus,CYP,Europe & Central Asia,High income,18," Marriage Law of 2003, Sec. 14(3)(a)",Yes,"Marriage Law of 2003, Sec. 15(1)",Yes," Marriage Law of 2003, Sec. 22(1)(a)",Yes,"Marriage Law of 2003, Sec. 33",Yes,"Family Violence (Victim Prevention and Protection) Act of 2000  (119 (I) / 2000), Secs. 3(4) and 4",Yes,"Family Violence (Victim Prevention and Protection) Act of 2000 (119 (I) / 2000), Parts IV-VI",Yes,"Civil Registry Law 141(I)/2002, Arts. 59 and 61; ID card application form and procedures",No,The Constitution of the Republic of Cyprus,N/A,
2020,Czech Republic,CZE,High income: OECD,High income,18,"Civil Code, Act No. 89/2012, Secs. 30(1) and 672(1)",Yes,"Civil Code, Act No. 89/2012, Sec. 672(2)",Yes,"Civil Code, Act No. 89/2012, Sec. 680",No,No applicable provisions could be located,Yes,"Penal Code, Act No. 40/2009, Sec. 199",Yes,"Domestic Violence Act No. 135/2006; Special Court Proceedings Act No 292/2013, Secs. 400-414",Yes,ID card application procedures; ID card forms,No,Constitution of the Czech Republic,N/A,
2020,Denmark,DNK,High income: OECD,High income,18,"Guidance Note No. 9045 of 01/24/2017 on the Treatment of Matrimonial Matters, Sec. 2.2",No,"Guidance Note No. 9045 of 01/24/2017 on the Treatment of Matrimonial Matters, Sec. 2.2",Yes,"Order No. 9045 of 01/24/2017 on the Treatment of Matrimonial Matters, Ch. 7",No,No applicable provisions could be located,Yes,"Criminal Code, Secs. 213 and 244-245     ",Yes,"Act No. 112 of 03/02/2012; Public Prosecutions Announcement No. 3/2008, Sec. 7",Yes,Act on the Issuance of Identification Cards of 2017; Executive Order on the Issuance of Identification Cards,No,Constitution of Denmark,N/A,
2020,Djibouti,DJI,Middle East & North Africa,Lower middle income,..,"Code de la Famille, Arts. 7, 13, 14 et 169",Yes,"Code de la Famille, Arts. 14 et 16",Yes,"Code de la Famille, Art. 29",Yes,"Code Pénal, Art. R.5(3)",Yes,"Code Pénal, Arts. 325(4), 329, 332, 335 and 336",No,No applicable provisions could be located,Yes,"Décret No. 215-345/PR/MI Portant Modification du Décret No. 213-356/PR/MI Relatif au Changement de la Carte Nationale d’Identité, Art. 1; ID card application procedures",Yes,"La Constitution de la République de Djibouti, Art. 96",Yes,"La Constitution de la République de Djibouti, Art. 96"
2020,Dominica,DMA,Latin America & Caribbean,Upper middle income,18,"Marriage Act, Sec. 30(2)",Yes,"Marriage Act, Sec. 29(2) and 30(1)",Yes,"Marriage Act, Sec. 29(2)",Yes,"Marriage Act, Sec. 64",Yes,"Protection against Domestic Violence Act No. 22 of 2001, Sec. 32(1)",Yes,"Protection against Domestic Violence Act No. 22 of 2001, Part VII and Secs. 35-39",N/A,No applicable provisions could be located ,No,Constitution of the Commonwealth of Dominica,N/A,
2020,Dominican Republic,DOM,Latin America & Caribbean,Upper middle income,18,"Ley No. 4999, Art. 4(1)",Yes,"Ley No. 4999, Art. 4",Yes,"Ley No. 659, Art. 61(4), (6) y (12)",Yes,"Ley No. 659, Art. 56(7); Código Penal, Art. 193",Yes,"Ley 24-97 sobre Violencia Intrafamiliar y contra la Mujer, Arts. 3(309-2 y 309-3) y 8(332)",Yes,"Ley 24-97 sobre Violencia Intrafamiliar y contra la Mujer, Art. 3(309-4 y 309-5)",Yes,"Ley No. 8-92, Art. 5; ID card application procedures",No,Constitución de la República Dominicana,N/A,
2020,Ecuador,ECU,Latin America & Caribbean,Upper middle income,18,"Código Civil, Art. 83",No,No applicable provisions could be located,Yes,"Código Civil, Arts. 83 and 95(2)",No,No applicable provisions could be located,Yes,"Código Orgánico Integral Penal, Arts. 156-159",Yes,"Código Orgánico Integral Penal, Art. 643; Código Orgánico de la Función Judicial, Art. 232",Yes,"Ley Orgánica de Gestión de la Identidad y Datos Civiles, Art. 93; ID card application procedures",No,Constitución de la República del Ecuador,N/A,
2020,"Egypt, Arab Rep.",EGY,Middle East & North Africa,Lower middle income,18,"Child Law, Annex, Art. 31-bis",No,No applicable provisions could be located ,Yes ,"Child Law, Annex, Art. 31-bis",Yes ,"Penal Code, Art. 227",Yes,"Penal Code,  Arts. 375 bis and 375 bis (1) ",No,No applicable provisions could be located,No,"Executive Regulations of the Civil Affairs Law No. 1121 of 1995, Art. 33; ID card application form",No,"Constitution of the Arab Republic of Egypt, 2014",N/A,
2020,El Salvador,SLV,Latin America & Caribbean,Lower middle income,18,"Código de Família, Art. 14",No,No applicable provisions could be located,Yes,"Código de Família, Art. 90(4a)",No,No applicable provisions could be located,Yes,"Código Penal, Arts. 31, 129(1), 162(1) y (7), y 200; Ley Especial Integral para una Vida Libre de Violencia para las Mujeres, Arts. 46(c), 53 y 54",Yes,"Ley Contra la Violencia Intrafamiliar, Cap. III; Ley Especial Integral para una Vida Libre de Violencia para las Mujeres, Cap. II",Yes,"Decreto No. 581, Arts. 3 y 4; ID card application procedures",No,Constitución de la República de El Salvador,N/A,
2020,Equatorial Guinea,GNQ,Sub-Saharan Africa,Upper middle income,18,"Ley Fundamental, Art. 12",Yes,"Código Civil, Art. 48",Yes,"Código Civil, Art. 83(1) y 101(1)",Yes,"Código Penal, Art. 478",No,No applicable provisions could be located,No,No applicable provisions could be located,Yes,ID card application form ,No,Ley Fundamental de Guinea Ecuatorial,N/A,
2020,Eritrea,ERI,Sub-Saharan Africa,Low income,18,"Constitution of Eritrea article 22(2); Transitional Civil Code, Art. 46(2)",No,No applicable provisions could be located,No,No applicable provisions could be located,Yes,"Transitional Civil Code, Art. 607",No,No applicable provisions could be located,No,No applicable provisions could be located,Yes,ID card application form ,..,No constitution in force,N/A,
2020,Estonia,EST,High income: OECD,High income,18,"Family Law, Sec. 1(2); Civil Code, Sec. 8(2)",Yes,"Family Law, Sec. 1(3) and (4)",Yes,"Family Law, Sec. 9(1)(1)",No,No applicable provisions could be located,Yes,"Penal Code, Arts. 58(4) and 121(2)(2)",No,No applicable provision could be located,Yes,"Identity Documents Act, Art. 19; ID card application form",No,Constitution of the Republic of Estonia,N/A,
2020,Eswatini,SWZ,Sub-Saharan Africa,Lower middle income,21,"Marriage Act, 1964, Sec. 3(2)",Yes,"Marriage Act, 1964, Sec. 3",No,No applicable provisions could be located,Yes,"Marriage Act, 1964, Sec. 23",Yes,"Sexual Offences and Domestic Violence Act, 2018, Sec. 77 (1)",Yes,"Sexual Offences and Domestic Violence Act, 2018, Sec. 83",Yes,ID card application procedures; Identification Order of 1998,Yes,"Constitution of the Kingdom of Swaziland, Art. 252(2)",Yes,"Constitution of the Kingdom of Swaziland, Arts. 2(1) and 252(3)"
2020,Ethiopia,ETH,Sub-Saharan Africa,Low income,18,"Revised Family Code, Art. 7(1)     ",Yes,"Revised Family Code, Art. 7(2)     ",Yes,"Revised Family Code, Art. 31(1)     ",Yes,"Criminal Code, Art. 648     ",Yes,"Criminal Code, Art. 564",Yes,Victim- friendly benches in the federal courts and also at regional level     ,N/A,No applicable provisions could be located,Yes,"Constitution of the Federal Republic of Ethiopia, Arts. 34 and 78",Yes,"Constitution of the Federal Democratic Republic of Ethiopia, Art. 9(1)"
2020,Fiji,FJI,East Asia & Pacific,Upper middle income,18,"Marriage Act (Amendment) Decree, Part 2, Secs. 2 and 3(12)",No,No applicable provisions could be located,Yes,"Family Law Act, Div. 2, Sec. 32(2)(e); Marriage Act Amendment Decree, Part 2, Sec. 3(12)",Yes,"Marriage Act (Amendment) Decree, Part 2, Sec. 9(29)",No,No applicable provisions could be located,Yes,"Domestic Violence Decree, Part 1, Secs. 8, 10 and Part 5",N/A,No applicable provisions could be located ,No,No applicable provisions could be located ,N/A,
2020,Finland,FIN,High income: OECD,High income,18,"Marriage Act, Sec. 4",No,No applicable provisions could be located,No,No applicable provisions could be located,No,No applicable provisions could be located,No,No applicable provisions could be located,Yes,"Act on Restraining Orders, Sec. 6",Yes,"Law on ID Card of 2016, Art. 1; ID card application procedures",No,Constitution of Finland,N/A,
2020,France,FRA,High income: OECD,High income,18,"Code Civil, Arts. 144 et 414",Yes,"Code Civil, Arts. 145 et 148-160",Yes,"Code Civil, Arts. 182, 184 et 187",Yes,"Code Civil, Arts. 156 et 157",Yes,"Code Pénal, Arts. 132-80, 222-8(4° ter) et 222-24(11°)",Yes,"Code Civil, Arts. 515.9, 515.10 et 515.11(7)",Yes,"Décret No. 55-1397 du 22 Octobre 1955 Instituant la Carte Nationale d'Identité, Arts. 2 et 4; ID card application procedures",No,Constitution de la République Française,N/A,
2020,Gabon,GAB,Sub-Saharan Africa,Upper middle income,21,"Code Civil, Art. 205",Yes,"Code Civil, Arts. 203 et 205",No,No applicable provisions could be located,Yes,"Loi No. 042/2018 du 05 juillet 2019 portant Code Pénal, Art. 410",No,No applicable provisions could be located,No,No applicable provisions could be located,Yes,ID card application procedures; Décret No. 111/PR/MISPID du 25 Septembre 2011,No,Constitution de la République Gabonaise,N/A,
2020,"Gambia, The",GMB,Sub-Saharan Africa,Low income,18,"Children's Act, 2005, Secs. 2 and 24",No,No applicable provisions could be located,Yes,"Children's Act, 2005, Sec. 24",Yes,"Children's Act, 2005, Sec. 24",Yes,"Women's Act 2010, Secs. 6 and 74; Domestic Violence Act 2013, Sec. 17(2)",Yes,"Domestic Violence Act 2013, Secs. 26, 28, 30 and 32",Yes,ID card application procedures; ID card application form,Yes,"Constitution of The Gambia, Art. 7(e)",No,"The Constitution of the Republic of The Gambia, 1997 sec. 33"
2020,Georgia,GEO,Europe & Central Asia,Upper middle income,18,"Civil Code, Art. 1108(1)",No,No applicable provisions could be located,Yes,"Civil Code, Arts. 1140 and 1142",No,No applicable provisions could be located,Yes,"Criminal Code, Arts. 11-1 and 126-1",Yes,"Law of Georgia on Elimination of Domestic Violence, Protection and Support of Victims of Domestic Violence, Arts. 10 and 12; Code of Administrative Procedure, Ch. VII-17",Yes,"Law of Georgia on the Procedure for Registering the Citizens of Georgia and Aliens Residing in Georgia, for Issuing Identity (Residence) Cards and Passports of a Citizen of Georgia Art. 11(1) ; ID card application procedures",No,Constitution of Georgia,N/A,
2020,Germany,DEU,High income: OECD,High income,18,"Civil Code, Secs. 2 and 1303(1)",Yes,"Civil Code, Sec. 1303(2)",Yes,Civil Code Sec. 1314(1),No,No applicable provisions could be located,No,No applicable provisions could be located,Yes,"Act on Proceedings in Family Matters, Sec. 210",Yes,"Act on Identity Cards and Electronic Identification, Secs. 1 and 5; Attachments to the Ordinance on Identity Cards and Electronic Identification",No,Basic Law for the Federal Republic of Germany,N/A,
2020,Ghana,GHA,Sub-Saharan Africa,Lower middle income,18,"The Children's Act, 1998, Sec. 14(2)",No,No applicable provisions could be located,No,No applicable provisions could be located,Yes,"The Children's Act, 1998, Sec. 15",Yes," Domestic Violence Act, 2007, Sec. 3(2)",Yes,"Domestic Violence Act, 2007 Secs. 12-13  ",Yes,"National Identity Register Act, Arts. 28-3; National Identity Register Regulations, Art. 3 and Schedule",Yes,"Constitution of the Republic of Ghana, Arts. 11(1)-(3) and 272",No,"Constitution of the Republic of Ghana, Art. 17(4)"
2020,Greece,GRC,High income: OECD,High income,18,"Civil Code, Art. 1350",Yes,"Civil Code, Art. 1350",Yes,"Civil Code, Arts. 128-130, 1372 and 1378",No,No applicable provisions could be located,Yes,"Law No. 3500/2006, Art. 6-9",Yes,"Law No. 3500/2006, Ch. V",Yes,Law 3021/19/53/25; ID card application procedures,No,Constitution of Greece,N/A,
2020,Grenada,GRD,Latin America & Caribbean,Upper middle income,18,"Marriage Act, Sec. 20(1)",Yes,"Marriage Act, Secs. 3(3) and 20(2)-(4)",Yes,"Marriage Act, Sec. 3(3)",Yes,"Criminal Code, Sec. 423; Marriage Act, Secs. 20(4) and 47",Yes,"Domestic Violence Act, 2010, Arts. 21, 24 and 36",Yes,"Domestic Violence Act, 2010, Arts. 25-28",N/A,No applicable provisions could be located ,No,Constitution of Grenada 1973,N/A,
2020,Guatemala,GTM,Latin America & Caribbean,Upper middle income,18,"Decreto Número 8-2015, Art. 1 (Código Civil, Art. 81)",No,No applicable provisions could be located,Yes,Decreto 13-2017 del Congreso de la República,Yes,"Código Penal, Art. 230",Yes,"Ley contra el Femicidio y otras Formas de Violencia contra la Mujer, Cap. IV; Código Penal, Arts. 131, 174(5) y 483(2)",Yes,Acuerdo 30-2010 de la Corte Suprema de Justicia - Reglamento de Gestión para los Juzgados y Tribunales con competencia en delitos de Femicidio y otras formas de Violencia Contra la Mujer; Acuerdo 43-2012 de la Corte Suprema de Justicia,Yes,"Ley del Registro Nacional de las Personas, Arts. 5 y 56; ID card application procedures",No,Constitución Política de la República de Guatemala,N/A,
2020,Guinea,GIN,Sub-Saharan Africa,Low income,18,"Code Civil, Arts. 241, 512 et 578; Code de l'enfant Guinéen, Art. 314 ",Yes,"Code Civil, Arts. 241 et 243; Code de l'enfant Guinéen, Arts. 314 et 317",Yes,"Code Civil, Art. 273; Code de L'Enfant Guinéen, Arts. 321-323",Yes,"Code de L'Enfant Guinéen, Arts. 829-831",No,No applicable provisions could be located,No,No applicable provisions could be located,Yes,"Décret D/95/254/PRG/SGG, Arts. 1er-5; ID card application form",No,Constitution de la République de Guinée,N/A,
2020,Guinea-Bissau,GNB,Sub-Saharan Africa,Low income,18,"Civil Code, Arts. 130, 1612 and 1649; Law 5/76, Art. 1",Yes,"Civil Code, Arts. 1601(a) and 1612",Yes,"Civil Code, Arts. 1601(a) and 1631(a)",Yes,"Civil Code, Art. 1649",Yes,"Law No. 6/2014, Arts. 17-27",Yes,"Law No. 6/2014, Ch. VII",Yes,ID card application form Ministry of Justice Decree 1/26 of August 17,No,Constitution of the Republic of Guinea-Bissau,N/A,
2020,Guyana,GUY,Latin America & Caribbean,Upper middle income,18,"Marriage Act, Sec. 31(2)",Yes,"Marriage Act, Secs. 31-33",Yes,"Marriage Act, Sec. 32(1)",Yes,"Marriage Act, Sec. 69",No,No applicable provisions could be located,Yes,"Domestic Violence Act, Secs. 17-32",Yes,ID card application procedures ,No,Constitution of the Co-operative Republic of Guyana,N/A,
2020,Haiti,HTI,Latin America & Caribbean,Low income,18,"Code Civil, Art. 139",Yes,"Code Civil, Arts. 133, 136 et 139",Yes,"Code Civil, Arts. 133, 168 et 170",Yes,"Code Civil, Art. 144; Code Penal, Art. 154 et 156",No,No applicable provisions could be located,No,No applicable provisions could be located,Yes,"Décret sur le Numéro d'Identification Nationale Unique et la Carte d'Identification Nationale du 18 Juin 2020; Décret Relatif à la Carte d'Identification Nationale, 2005, Art. 4",No,Constitution de la République d'Haïti,N/A,
2020,Honduras,HND,Latin America & Caribbean,Lower middle income,21,"Código de Família, Art. 16",Yes,"Código de Familia, Arts. 16 y 17",Yes,"Código de Família, Arts. 21 y 228",Yes,"Código Penal, Arts. 279 y 280",Yes,"Código Penal, Arts. 289 y 290",Yes,"Ley contra la Violencia Doméstica, Arts. 11-19",Yes,"Ley del Registro Nacional de las Personas, Art. 88; ID card application procedures",No,Constitución de la República de Honduras,N/A,
2020,"Hong Kong SAR, China",HKG,East Asia & Pacific,High income,21,"Marriage Ordinance, Sec. 14(1)(a)",Yes,"Marriage Ordinance, Sec. 14(1) and Schedule 3",Yes,"Marriage Ordinance, Sec. 27(2)(b)",Yes,"Marriage Ordinance, Secs. 29 and 30",Yes,"Domestic and Cohabitation Relationships Violence Ordinance, Sec. 5(1B)",Yes,"Domestic and Cohabitation Relationships Violence Ordinance, Secs. 3-4 and 8",Yes,"Registration of Persons Ordinance, Ch. 177, Sec. 3; ID card application procedures",Yes,"Basic Law, Art. 8",Yes,"Basic Law, Art. 8"
2020,Hungary,HUN,High income: OECD,High income,18,"Civil Code, Secs. 2:10(1) and 4:9(1); Act on Marriage, Family and Guardianship 2009, Sec. 10",Yes,"Civil Code, Secs. 4:9(2)-(4)",Yes,"Civil Code, Sec. 4:9(1); Act on Marriage, Family and Guardianship 2009, Secs. 7-13",Yes,"Criminal Code, Sec. 213(2)(b)",Yes,"Criminal Code, Secs. 197(3)(b) and 212/A",Yes,"Act LXXII of 2009 on Restraining Orders Related to Violence Between Relatives, Chapter III, Secs. 12-17",Yes,"Government Decree 414/201 on Issuance of an ID Card, Arts. 15-22; ID card application procedures",No,Fundamental Law of Hungary,N/A,
2020,Iceland,ISL,High income: OECD,High income,18,"Marriage Act, Art. 7",Yes,"Marriage Act, Art. 7",No,No applicable provisions could be located,No,No applicable provisions could be located,Yes,"Penal Code, Arts. 70 and 218.b",Yes,"Act on Restraining Orders, Ch. IV",Yes,ID card application procedures; ID card application form,No,Constitution of the Republic of Iceland,N/A,
2020,India-Mumbai,IND,South Asia,Lower middle income,18,"The Prohibition of Child Marriage Act, Sec. 2(a)(b); Hindu Marriage Act, Sec. 5(III)    ",No,No applicable provisions could be located,Yes,"The Prohibition of Child Marriage Act, Secs. 3 and 12-14",Yes,"The Prohibition of Child Marriage Act, Secs. 9-11",Yes,"The Protection of Women from Domestic Violence Act, Secs. 5(e) and 31(3); Indian Penal Code, Sec. 498A ",Yes,"The Protection of Women from Domestic Violence Act, Ch. IV, Secs. 12-16 and 27-28  ",N/A,No applicable provisions could be located,No,"Constitution of India, Art. 13(3)(a)",N/A,
2020,Indonesia,IDN,East Asia & Pacific,Upper middle income,21,"Law on Marriage, Art. 6(2)",Yes,"Law on Marriage, Arts. 6 and 7; Law on Marriage (Amendment), Art. I(1)",Yes,"Law on Marriage, Arts. 16(1), 20 and 22",Yes,"Law on Marriage, Art. 61(3)",Yes,"Law Regarding Elimination of Violence in Household, Arts. 44-53",Yes,"Law Regarding Elimination of Violence in Household, Arts. 30 and 37",Yes,"Administration of Population Law, Arts. 2 and 63",Yes,"Constitution of the Republic of Indonesia, Art. 18B(2)",Yes,"Constitution of the Republic of Indonesia, Art. 18B(2)"
2020,"Iran, Islamic Rep.",IRN,Middle East & North Africa,Upper middle income,..,"Civil Code, Arts. 1041 and 1043",Yes,"Civil Code, Art. 1041",No,No applicable provisions could be located,No,No applicable provisions could be located,No,No applicable provisions could be located,No,No applicable provisions could be located,Yes,"ID card application procedures Executive Bylaw on the Law of Allotting Identification Numbers and Postal Codes to all Iranian Nationals, Art. 2",No,Constitution of the Islamic Republic of Iran,N/A,
2020,Iraq,IRQ,Middle East & North Africa,Upper middle income,18,"Personal Status Law, Art. 7(1)",Yes,"Personal Status Law, Art. 8",No,No applicable provisions could be located,No,No applicable provisions could be located,No,No applicable provisions could be located,Yes,"Official Gazette of Iraq, 4368",Yes,"Civil Status Law, Arts. 44(1) and 45; National ID Law, Ch. IX",No,Iraqi Constitution,N/A,
2020,Ireland,IRL,High income: OECD,High income,18,"Family Law Act (1995), Sec. 31(1)(a)(i)",No,No applicable provisions could be located,Yes,"Family Law Act (1995), Sec. 31(1)(a)(i)",Yes,"Family Law Act (1995), Sec. 31(4)",Yes,"The Domestic Violence Act 2018, Sec. 40",Yes,"Domestic Violence Act 2018, Part 2",N/A,No applicable provisions could be located ,No,Constitution of Ireland,N/A,
2020,Israel,ISR,High income: OECD,High income,18,"Marriage Age Law, Art. 1; Legal Capacity and Guardianship Law, Art. 3",Yes,"Marriage Age Law, Art. 5",Yes,"Marriage Age Law, Art. 3",Yes,"Marriage Age Law, Arts. 2 and 3",Yes,"Penal Law, Sec. 382(b)",Yes,"Prevention of Family Violence Law, Secs. 2-4",Yes,ID card application form; ID card application procedures ,No,Basic Law: The Judiciary,N/A,
2020,Italy,ITA,High income: OECD,High income,18,"Civil Code, Arts. 2 and 84",Yes,"Civil Code, Art. 84",Yes,"Civil Code, Art. 117",Yes,"Civil Code, Art. 136",Yes,"Law No. 119/2013, Arts. 1(2) and 1(3); Criminal Code, Arts. 572, 577, 609-ter(5-quater) and 612-bis",Yes,"Law 119/2013, Arts. 2 and 3; Code of Criminal Procedure, Art. 282-quater",Yes,"Legal Decree No. 7 of 13 May 2011, Art. 1; ID card application procedures",No,Constitution of the Italian Republic,N/A,
2020,Jamaica,JAM,Latin America & Caribbean,Upper middle income,18,"Marriage Act, Sec. 24",Yes,"Marriage Act, Secs. 3(2) and 24",Yes,"Marriage Act, Sec. 3(2)",Yes,"Marriage Act, Secs. 55 and 68",No,No applicable provisions could be located,Yes,"Domestic Violence Act, Secs. 2(1), 4, 7, 8, 14",N/A,No applicable provisions could be located,No,Constitution of Jamaica,N/A,
2020,Japan,JPN,High income: OECD,High income,20,"Civil Code, Arts. 4 and 737",Yes,"Civil Code, Arts. 731 and 737",Yes,"Civil Code, Arts. 744(1) and 745",No,No applicable provisions could be located,No,No applicable provisions could be located,Yes,"Act No. 31 on the Prevention of Spousal Violence and the Protection of Victims, Arts. 13-15",N/A,No applicable provisions could be located ,No,Constitution of Japan,N/A,
2020,Jordan,JOR,Middle East & North Africa,Upper middle income,..,"Personal Status Law, Arts. 14 and 19",Yes,"Personal Status Law , Arts. 10(b) and 18",Yes,"Personal Status Law , Arts. 31(g) and 35",No,No applicable provisions could be located,No,No applicable provisions could be located,Yes,"Law on the Protection from Domestic Violence, Arts. 13-18",Yes,"Civil Status Law No. 9 of 2001, Art. 38; ID card application form",No,Constitution of the Hashemite Kingdom of Jordan,N/A,
2020,Kazakhstan,KAZ,Europe & Central Asia,Upper middle income,18,"Marriage (Matrimony) and Family Code, Art. 10(1)",Yes,"Marriage (Matrimony) and Family Code, Art. 10(2)",Yes,"Marriage (Matrimony) and Family, Arts. 25 and 26",No,No applicable provisions could be located,No,No applicable provisions could be located,Yes,"Law on Prevention of Domestic Violence, Arts. 20 and 23",Yes," Law on Identity Documents, Arts. 7 and 9; ID card application procedure",No,Constitution of Kazakhstan,N/A,
2020,Kenya,KEN,Sub-Saharan Africa,Lower middle income,18,"Marriage Act, 2014, Sec. 4",No,No applicable provisions could be located,Yes,"Marriage Act, 2014, Sec. 11(a)   ",Yes,"Protection Against Domestic Violence Act, Sec. 3(a); Children's Act, Sec.14; Marriage Act, 2014, Sec. 87",No,No applicable provisions could be located,Yes,"Protection Against Domestic Violence Act, 2015, Secs. 8, 12, and 24-28",Yes,"Registration of Persons Act, Art. 5; ID card application form",Yes,"Constitution of Kenya, Arts. 2 and 45(4)",Yes,"Constitution of Kenya, Art. 2(4) "
2020,Kiribati,KIR,East Asia & Pacific,Lower middle income,21,"Marriage Ordinance, Sec. 7",Yes,"Marriage (Amendment) Act, Sec. 2; Marriage Ordinance, Sec. 7",Yes,"Marriage Ordinance, Secs. 5(as amended) and 7(1); Marriage (Amendment) Act, Sec. 2",Yes,"Marriage Ordinance, Secs. 12 and 28(c)",Yes,"Family Peace Act, Part 6",Yes,"Family Peace Act, Part 7",Yes,"National Identity Registration Bill 2018, Sec. 16; 
ID Card Application Form",No,Constitution of Kiribati,N/A,
2020,"Korea, Rep.",KOR,High income: OECD,High income,19,"Civil Act, Arts. 4, 801 and 808",Yes,"Civil Act, Arts. 4, 807 and 808",Yes,"Civil Act, Arts. 816(1) and 817",No,No applicable provisions could be located,Yes,"Act 5436, Art. 2(3)",Yes,"Act 5436, Arts. 10-15, Secs. 2-3 and Chs. III-IV",Yes,"Enforcement Decree of the Resident Registration Act, Art. 36",No,Constitution of the Republic of Korea,N/A,
2020,Kosovo,KSV,Europe & Central Asia,Upper middle income,18,"Family Law of Kosovo, Arts. 15 and 16(1)",Yes,"Family Law of Kosovo, Arts. 16(2) and (3)",Yes,"Family Law of Kosovo, Art. 64",Yes,"Criminal Code, Art. 239",Yes,"Criminal Code, Art. 248 ",Yes,"Law on Protection against Domestic Violence, Arts. 3 and 14-21",Yes,"Law on Identity Cards, Art. 3(1)",No,Constitution of the Republic of Kosovo,N/A,
2020,Kuwait,KWT,Middle East & North Africa,High income,..,"Personal Status Law, Art. 26",Yes,"Personal Status Law, Arts. 8 and 26",No,No applicable provisions could be located,No,No applicable provisions could be located,No,No applicable provisions could be located,No,No applicable provisions could be located,Yes,ID Card application procedures ,No,Constitution of Kuwait,N/A,
2020,Kyrgyz Republic,KGZ,Europe & Central Asia,Lower middle income,18,"Family Code, Art. 14(1)",Yes,"Family Code, Art. 14(2)",Yes,"Family Code, Arts. 28(1) and 29",Yes,"Penal Code, Art. 178",Yes,"Code of Misconduct, Art. 75",Yes,"Law on Safeguarding and Protecting Against Domestic Violence, Art. 27",Yes,"Decree of the Goverment of Kyrgyz Republic No. 238 of April 21, 2017, Art. 13",Yes,"Constitution of Kyrgyz Republic, Arts. 37(1) and 59",Yes,"Constitution of Kyrgyz Republic, Arts. 6(1) and 37(1)"
2020,Lao PDR,LAO,East Asia & Pacific,Lower middle income,18,"Civil Code, Art. 150(1)",No,No applicable provisions could be located,Yes,"Civil Code, Art. 158(1)",Yes,"Penal Law, Arts. 268 and 269",Yes,"Law on Development and Protection of Women, Art. 50; Law on Preventing and Combatting Violence against Women and Children, Art. 79",Yes,"Decree on the Implementation of the Law on Development and Protection of Women, Art. 35; Law on Preventing and Combatting Violence against Women and Children, Art. 59",Yes,"Family Registration Law 2018, Art. 16",No,Constitution of Lao PDR,N/A,
2020,Latvia,LVA,High income: OECD,High income,18,"Civil Law, Sec. 32",Yes,"Civil Law, Sec. 33",Yes,"Civil Law, Sec. 61",No,No applicable provisions could be located,Yes,"Criminal Law, Sec. 48(1)(15)",Yes,"Civil Procedure Law, Ch. 30.5; Criminal Procedure Law, Sec. 243(1)",Yes,"Regulation on Personal Identification Documents, Arts. 2 and 23",No,Constitution of the Republic of Latvia,N/A,
2020,Lebanon,LBN,Middle East & North Africa,Upper middle income,..,;,..,;,No,No applicable provisions could be located,No,No applicable provisions could be located ,Yes,"Domestic Violence Law, Arts. 3(a)(4) and 3(a)(7)(a)-(b)",Yes,"Domestic Violence Law, Arts. 11 and 13",Yes,ID card application procedures  ,No,The Lebanese Constitution,N/A,
2020,Lesotho,LSO,Sub-Saharan Africa,Lower middle income,21,"UN Convention on the Rights of the Child Lesotho Report, Sec. II (27); Marriage Act, Arts. 25(1) and 27(1)",Yes,"Marriage Act, Arts. 25(2), 26(1) and 27(1)",No,No applicable provisions could be located,Yes,"Marriage Act, Art. 37",No,No applicable provisions could be located,No,No applicable provisions could be located,Yes,"National Identity Cards Act of 2011, Arts. 12 and 14; ID card application form",Yes,"Constitution of Lesotho, Art. 18(4)(c)",No,"Constitution of Lesotho, Art. 18(4)(c)"
2020,Liberia,LBR,Sub-Saharan Africa,Low income,18,"Domestic Relations Law, Sec. 2.2(1); Children's Law of 2011, Article VI, Sec. 4(a)",Yes,"Domestic Relations Law, Sec. 2.2(2)",Yes,"Domestic Relations Law, Secs. 2.2(3), 6.1(c) and 7.1(a)",Yes,"Domestic Relations Law, Secs. 2.16(b)(ii) and 2.16(c)(i); An Act to Amend Sections 14, 16, 17 and 18 of the Penal Law, Title 26, Sec. 3(16.15)",Yes,"Domestic Violence Act of 2019, Sec. 16.24",No,No applicable provisions could be located,Yes,ID card application procedures ,Yes,"Constitution of Liberia, Art. 65",Yes,"Constitution of Liberia, Art. 2"
2020,Libya,LBY,Middle East & North Africa,Upper middle income,..,"Law on Marriage and Divorce, Art. 6(b); Law No. 14 of 2015 Amending Law on Marriage and Divorce, Art. 1(Art. 6(a))",Yes,"Law No. 14 of 2015 Amending Law on Marriage and Divorce, Art. 1(Art. 6(b))",No,No applicable provisions could be located,No,No applicable provisions could be located,No,No applicable provisions could be located,No,No applicable provisions could be located,Yes,ID card application procedures ,No,Constitutional Declaration 2011,N/A,
2020,Lithuania,LTU,High income: OECD,High income,18,"Civil Code, Art. 3.14(1)",Yes,"Civil Code, Art. 3.14 (2)(5)",Yes,"Civil Code, Art. 3.38(2)",No,No applicable provisions could be located,Yes,"Criminal Code, Arts. 129.2 (3), 135.2(3), 138.2(3), 140.2",Yes,"Law on Protection Against Domestic Violence, Art. 5; Code of Criminal Procedure, Arts. 167(3) and 185(2)",Yes," Law on Identity Card and Passport, Art. 3; Regulation on Passport and Identity cards forms and Approval of Issuing Procedure, Arts. 3, 12 and 13 ",No,Constitution of the Republic of Lithuania,N/A,
2020,Luxembourg,LUX,High income: OECD,High income,18,"Code Civil, Arts. 144, 148 et 488",Yes,"Code Civil, Arts. 145 et 148",No,No applicable provisions could be located,Yes,"Code Pénal, Arts. 264 et 265",Yes,"Loi du 8 septembre 2003, Art. VI; Code Pénal, Art. 377",Yes,"Loi du 30 juillet 2013 portant modification de la loi du 8 septembre 2003, Arts. VIII-X et XIII-XIV",Yes,"Loi du 9 Juin 2013 Relative à l'Identification des Personnes Physiques, Art. 1; ID card application procedures",No,Constitution du Grand-Duché de Luxembourg,N/A,
2020,Madagascar,MDG,Sub-Saharan Africa,Low income,18,"Loi No. 2007-022, Art. 3",Yes,"Loi No. 2007-022, Art. 3",Yes,"Loi No. 2007-022, Arts. 3 et 39",No,No applicable provisions could be located,Yes,"Loi No. 2019-008 relative à la lutte contre les Violences Basées sur le Genre, Titre II",Yes,"Loi No. 2019-008 relative à la lutte contre les Violences Basées sur le Genre, Titre III",Yes,ID card application procedures ,No,Constitution de la Quatrième République de Madagascar,N/A,
2020,Malawi,MWI,Sub-Saharan Africa,Low income,18,"Republic of Malawi (Constitution) Act, Sec. 22(6); Marriage, Divorce and Family Relations Act, Sec. 14",No,No applicable provisions could be located,No,No applicable provisions could be located,No,No applicable provisions could be located,Yes,"Prevention of Domestic Violence Act, Sec. 39",Yes,"Prevention of Domestic Violence Act, Part VII, Secs. 47-53 and 55",Yes,ID card application procedures,Yes,"Constitution of Malawi, Arts. 10(2) and 200",Yes,"Constitution of Malawi, Arts. 5 and 24(2)"
2020,Malaysia,MYS,East Asia & Pacific,Upper middle income,..,"Islamic Family Law (Federal Territories) Act, Secs. 8 and 13",Yes,"Islamic Family Law (Federal Territories) Act, Sec. 8",Yes,"Islamic Family Law (Federal Territories) Act, Secs. 11, 12(1) and 33(6)",Yes,"Islamic Family Law (Federal Territories) Act, Sec. 40(2)",Yes,"Domestic Violence Act, Sec. 3",Yes,"Domestic Violence Act, Secs. 5-6 and 10-11",Yes,ID card application procedures; ID card application form,Yes,"Constitution of Malaysia, Arts. 76(2) and 161(5)",No,"Constitution of Malaysia, Arts. 76(2) and 161(5)"
2020,Maldives,MDV,South Asia,Upper middle income,18,"Family Act, Sec. 4(a)",Yes,"Family Act, Secs. 4(b) and 9",Yes,"Family Act, Sec. 13",Yes,"Family Act, Sec. 70",Yes,"Domestic Violence Act, Sec. 35(e)",Yes,"Domestic Violence Act, Secs. 24, 25 and 31",Yes,ID card application form; Regulation on Issuance of National Identity Card,No,Constitution of the Republic of Maldives,N/A,
2020,Mali,MLI,Sub-Saharan Africa,Low income,16,"Code des Personnes et de la Famille, Art. 281",Yes,"Code des Personnes et de la Famille, Art. 281",Yes,"Code des Personnes et de la Famille, Art. 314",Yes,"Code des Personnes et de la Famille, Arts. 282 et 287",No,No applicable provisions could be located,No,No applicable provisions could be located,Yes,ID card application procedures; Décret No. 14/PG?RM du 9/1/88 portant Institution et Règlementation de la Délivrance de la Carte D’Identité et de la Carte Consulaire,No,Constitution du Mali,N/A,
2020,Malta,MLT,Middle East & North Africa,High income,18,"Marriage Act, Art. 3; Civil Code, Art. 150",Yes,"Marriage Act, Art. 3",Yes,"Marriage Act, Art. 3(1)",No,No applicable provisions could be located,Yes,"Criminal Code, Arts. 202(h), 251BA(5) and 222(1)(a)",No,No applicable provisions could be located,Yes,Identity Card and Other Documents Act; ID card application form,No,Constitution of Malta,N/A,
2020,Marshall Islands,MHL,East Asia & Pacific,Upper middle income,18,"Birth, Death and Marriage Registration (amendment) Act, Sec. 2",No,No applicable provisions could be located,Yes,"Birth, Death and Marriage Registration (amendment) Act, Sec. 428; Domestic Relations Act, Sec. 112",No,No applicable provisions could be located,Yes,"Domestic Prevention and Protection (Amendment) Act, Sec. 905",Yes,"Domestic Violence Prevention and Protection Act, Part IV; Domestic Prevention and Protection (Amendment) Act, Secs. 916-920",Yes,ID card application procedures; ID card application form ,Yes,"Constitution of the Republic of the Marshall Islands, Arts. 6(4) and 10",Yes,"Constitution of the Republic of the Marshall Islands, Art. X"
2020,Mauritania,MRT,Sub-Saharan Africa,Lower middle income,..,"Code du Statut Personnel, Art. 9",Yes,"Code du Statut Personnel, Arts. 6 (1)",No,No applicable provisions could be located,No,No applicable provisions could be located,No,No applicable provisions could be located,No,No applicable provisions could be located,Yes,"Décret n° 2012-030 abrogeant et remplaçant le décret n° 2000.028 du 19 mars 2000, instituant une carte nationale d’identité et fixant les conditions de sa délivrance, Arts. 3 et 9",No,Constitution de la République Islamique de Mauritanie,N/A,
2020,Mauritius,MUS,Sub-Saharan Africa,High income,18,"Civil Code, Sec. 144",Yes,"Civil Code, Sec. 145",Yes,"Civil Code, Secs. 182 and 183",Yes,"Civil Status Act, Secs. 27(1) and 64",Yes,"The Protection from Domestic Violence (Amendment) Act 2016, Sec. 13(a(2))",Yes,"Protection from Domestic Violence Act 1997, Secs. 3 and 14-17",Yes,"National Identity Card Act, Arts. 4 and 5; ID card application procedures",Yes,"Constitution of the Republic of Mauritius, Art. 16(4)",No,"Constitution of the Republic of Mauritius, Art. 16(4)"
2020,Mexico,MEX,Latin America & Caribbean,Upper middle income,18,"Código Civil para el Distrito Federal, Art. 148; Ley General de los Derechos de las Niñas, Niños y Adolescentes, Art. 45",No,No applicable provisions could be located,Yes,"Código Civil para el Distrito Fedral, Arts. 156(I) y 235(II)",Yes,"Código Civil para el Distrito Federal, Art. 110",Yes,"Código Penal Federal, Arts. 343 bis - 343 ter",Yes,"Ley General de Acceso de las Mujeres a una Vida Libre de Violencia, Titulo II, Cap. VI",N/A,No applicable provisions could be located ,No,Constitución Política de los Estados Unidos Mexicanos,N/A,
2020,"Micronesia, Fed. Sts.",FSM,East Asia & Pacific,Lower middle income,18,"Code of the State of Pohnpei, Title 51, Ch. 2, Sec. 2-106",Yes,"Code of the State of Pohnpei, Title 51, Ch. 2, 2-101(1)",Yes,"Pohnpei Code Amendment L.B. No. 400-18, §2-106",No,No applicable provisions could be located,Yes,"Pohnpei Code Amendment L.B. No. 88-16, Chap.1(1-103) (2)(3)",No,No applicable provisions could be located,N/A,No applicable provisions could be located,Yes,"Constitution of the Federated States of Micronesia, Art. 5(1)",No,"Constitution of the Federated States of Micronesia, Art. V, Secs. 1-2; Constitution of the State of Pohnpei, Art. V, Sec. 2"
2020,Moldova,MDA,Europe & Central Asia,Lower middle income,18,"Family Code, Art. 14(1)",Yes,"Family Code, Art. 14(2)",Yes,"Family Code, Arts. 41(1)(a) and 42(1)(a)",No,No applicable provisions could be located,Yes,"Criminal Code, Art. 201-1",Yes,"Civil Procedure Code, Chapter XXII-2; Law on Preventing and Combating Family Violence, Ch. III",Yes,"Law on the Identity Documents of the National Passport System, Art. 4 (1-3)",No,Constitution of the Republic of Moldova,N/A,
2020,Mongolia,MNG,East Asia & Pacific,Lower middle income,18,"Family Law, Art. 6.1",No,No applicable provisions could be located,Yes,"Family Law, Arts. 9.1.2 and 16",No,No applicable provisions could be located,Yes,"Criminal Code, Art. 11.7",Yes,"Law on Combating Domestic Violence, Art. 34.1.3; Law on Victims and Witnesses Protection",Yes,"Citizen's Registration Law, December 14, 1999, Arts. 22.4 and 28; Civil registration application procedures",No,Constitution of Mongolia,N/A,
2020,Montenegro,MNE,Europe & Central Asia,Upper middle income,18,"Family Law, Art. 24",Yes,"Family Law, Art. 24",Yes,"Family Law, Art. 54",Yes,"Criminal Code, Arts. 214-216",Yes,"Criminal Code, Art. 220; Law on Domestic Violence Protection, Art. 36",Yes,"Criminal Code, Arts. 77a and 77b; Law on Domestic Violence Protection, Part II, Sec. 3",Yes,"Identification Card Act, Art. 2; ID card application procedures",No,Constitution of Montenegro,N/A,
2020,Morocco,MAR,Middle East & North Africa,Lower middle income,18,"Code de la Famille, Art. 19",Yes,"Code de la Famille, Arts. 20 et 21",No,No applicable provisions could be located,No,No applicable provisions could be located,Yes,"Loi No. 103-13 du 22 février 2018 relative à la lutte contre les violences faites aux femmes, Art. 2, modifiant Code Pénal, Art. 404",No,No applicable provisions could be located,Yes,"Loi No. 35-6 Instituant la Carte d'Indentité Nationale Electronique, Art. 3; ID card application procedures",No,"Constitution du Royaume du Maroc, 2011",N/A,
2020,Mozambique,MOZ,Sub-Saharan Africa,Low income,18,"Family Law No. 22/2019, Arts. 21(2) and 32",Yes,"Family Law No. 22/2019, Art. 39 (3)",Yes,"Family Law No. 22/2019, Art. 60",No,No applicable provisions could be located,Yes,"Law No. 29/2009 on Domestic Violence Perpetrated Against Women, Ch. II and III; Criminal Code No. 35/2014, Art. 245 and Ch. IX",Yes,"Law No. 29/2009 on Domestic Violence Perpetrated Against Women, Ch. IV",Yes,"ID card application procedures; Decree No. 11/2008, Arts. 1, 2 and 3",Yes,"Constitution of the Republic of Mozambique, Arts. 4 and 118",Yes,"Constitution of the Republic of Mozambique, Art. 4"
2020,Myanmar,MMR,East Asia & Pacific,Lower middle income,18,"Child Rights Law, Sec. 23",..,;,No,No applicable provisions could be located,No,No applicable provisions could be located,No,No applicable provisions could be located,No,No applicable provisions could be located,Yes,"ID card application procedures; Burma Citizenship Law, Sec. 9",Yes,"Constitution of the Republic of the Union of Myanmar, 2008, Arts. 446 and 447",Yes,"Constitution of the Republic of the Union of Myanmar, 2008, Arts. 446 and 447      "
2020,Namibia,NAM,Sub-Saharan Africa,Upper middle income,21,"Marriage Act 25 of 1961, Sec. 24(2); Child Care and Protection Act, 2015, Sec. 10(10)",Yes,"Child Care and Protection Act, 2015, Sec. 10(10); Married Persons Equality Act, 1996, Sec. 24",No,No applicable provisions could be located,Yes,"Marriage Act 25 of 1961, Sec. 35; Child Care and Protection Act, 2015, Sec. 226(3)",Yes,"Combating of Domestic Violence Act, 2003, Sec. 21",Yes,"Combating of Domestic Violence Act, 2003, Secs. 6(4)-(6), 7(3)-(4) and 14",No,"Identification Act of 1996, Art. 5(3); ID card application procedures",Yes,"Constitution of the Republic of Namibia, Arts. 4(3) and 66",Yes,"Constitution of the Republic of Namibia, Art. 66(1)"
2020,Nepal,NPL,South Asia,Lower middle income,20,"Marriage Registration Act, 2028 (1971), Sec. 4(c); National Civil (Code) Act, 2017, Sec. 70(1)(d)",No,No applicable provisions could be located,Yes,"National Penal (Code) Act, 2074 (2017), Sec. 173(1)(2); National Civil (Code) Act, 2074 (2017), Sec. 73(1)",Yes,"Marriage Registration Act, 2028 (1971), Sec. 13; National Penal (Code) Act, 2074 (2017), Sec. 173(3)",Yes,"Domestic Violence (Crime and Punishment) Act, 2066 (2009), Sec. 13",Yes,"Domestic Violence (Crime and Punishment) Act, 2066 (2009), Secs. 6-7 and 9(2)",N/A,No applicable provisions could be located,No,Constitution of Nepal,N/A,
2020,Netherlands,NLD,High income: OECD,High income,18,"Civil Code, Art. 1:31",Yes,"Civil Code, Art. 1:31(2)-(3)",Yes,"Civil Code, Arts. 1:50, 1:53(1) and 1:74",Yes,"Criminal Code, Art. 379(2)",Yes,"Criminal Code, Art. 304(1)",No,No applicable provisions could be located,Yes,ID card application procedures; ID card application form,No,Constitution of the Kingdom of the Netherlands,N/A,
2020,New Zealand,NZL,High income: OECD,High income,18,"Marriage Act, Secs. 17 and 18",Yes,"Marriage Act, Secs. 17-19",Yes,"Family Proceedings Act, Sec. 31(1)(a)(ia)-(ic)",Yes,"Marriage Act, Secs. 58 and 60",Yes,"Family Violence (Amendments) Act, Sec. 194A ",Yes,"Family Violence Act 2018, Part 6",N/A,No applicable provisions could be located ,No,Constitution Act of New Zealand 1986,N/A,
2020,Nicaragua,NIC,Latin America & Caribbean,Lower middle income,18,"Código de Familia, Art. 54",Yes,"Código de Familia, Arts. 54, 57(a) y 58(c)",Yes,"Código de Familia, Arts. 57-61",Yes,"Código de Familia, Art. 158",Yes,"Código Penal, Arts. 37, 155 y 172; Ley Integral contra la Violencia hacia las Mujeres Núm. 779, Arts. 10-13",Yes,"Ley Integral contra la Violencia hacia las Mujeres Núm. 779, Art. 30 y Tit. VI",Yes,"Ley Núm.152 de Identificación Ciudadana, Arts. 3 y 17",No,Constitución Política de la República de Nicaragua,N/A,
2020,Niger,NER,Sub-Saharan Africa,Low income,21,"Code Civil, Arts. 148 et 388",Yes,"Code Civil, Arts. 144,145, 148 et 158",Yes,"Code Civil, Arts. 184 et 190",Yes,"Code Civil, Arts. 156, 157 et 192",No,No applicable provisions could be located,No,No applicable provisions could be located,Yes,"Décret No. 64-193/MI du 9 Octobre 1964 Instituant une Carte d'Identité Obligatoire, Arts. 1 and 3 ",Yes,"Constitution de la VIIème République, Arts. 99 et 167",Yes,"Constitution de la VIIème République, Arts. 99 et 167"
2020,Nigeria,NGA,Sub-Saharan Africa,Lower middle income,21,"Marriage Act, Sec. 18",Yes,"Marriage Act, Sec. 18",Yes,"Child Rights Act 2003, Sec. 20-21",Yes,"Child Rights Act 2003, Sec. 23",No,No applicable provisions could be located,Yes,"Protection Against Domestic Violence Law 2007, Secs. 5-12",Yes,"National Identity Management Commission Act, Art. 16; ID card application procedures",Yes,"Constitution of the Federal Republic of Nigeria, Arts. 265 and 280",Yes,"Constitution of the Federal Republic of Nigeria, Arts. 1(3) and 42"
2020,North Macedonia,MKD,Europe & Central Asia,Upper middle income,18,"Family Law, Art. 16",Yes,"Family Law, Art. 16",Yes,"Family Law, Arts. 35 and 38",Yes,"Criminal Code, Art. 196",Yes,"Criminal Code, Arts. 123(2), 125, 130(2), 131(2 and 6), 139(2), 140(2) and 144(2)",Yes,"Law on Prevention, Suppression and Protection from Domestic Violence, Sec. V",Yes,"Law on ID Card, Art. 2; ID card application form; ID card issuance procedure",No,Constitution of the Republic of Macedonia,N/A,
2020,Norway,NOR,High income: OECD,High income,18,"The Marriage Act, Sec. 1a",No,No applicable provisions could be located,No,No applicable provisions could be located,Yes,"Criminal Code, Sec. 262",Yes,"Criminal Code, Sec. 282",No,No applicable provisions could be located,N/A,No applicable provisions could be located  ,No,Constitution of Norway,N/A,
2020,Oman,OMN,Middle East & North Africa,High income,..,"Personal Status Law, Arts. 7, 10, 16 and 19",Yes,"Personal Status Law, Art. 10(c)",No,No applicable provisions could be located,No,No applicable provisions could be located,No,No applicable provisions could be located,No,No applicable provisions could be located,No,"Civil Status Law, Art. 42; Civil Status, Ch. 8",No,Basic Statute of the State of Oman,N/A,
2020,Pakistan,PAK,South Asia,Lower middle income,18,"The Sindh Child Marriages Restraint Act, 2013, Secs. 2(a) and 3",No,No applicable provisions could be located,No,No applicable provisions could be located,Yes,"The Sindh Child Marriages Restraint Act, 2013, Secs. 3-5 and 7; Pakistan Penal Code 1860, Sec. 310-A",Yes,"The Domestic Violence (Prevention and Protection) Act, 2013, Sec. 6",Yes,"The Domestic Violence (Prevention and Protection) Act, 2013, Secs. 7-11",Yes,"ID card application procedures; The National Database and Registration Authority Ordinance, 2000",Yes,"Constitution of the Islamic Republic of Pakistan, Art. 8",Yes,"Constitution of the Islamic Republic of Pakistan, Art. 8"
2020,Palau,PLW,East Asia & Pacific,High income,18,"Palau Consolidated Legislation (Domestic Relations), Sec. 201(a)",Yes,"Palau Consolidated Legislation (Domestic Relations), Sec. 201(a)",Yes,"Palau Consolidated Legislation (Domestic Relations), Secs. 201(a) and 311",No,No applicable provisions could be located,Yes,"Palau Family Protection Act, Sec. 3 (amending the Palau National Code, Sec. 806 (e)(1),(2))",Yes,"Palau Family Protection Act, Sec. 3 (amending the Palau National Code, Secs. 821-828)",N/A,No applicable provisions could be located ,Yes,"Constitution of the Republic of Palau, Art. 5",No,"Constitution of the Republic of Palau, Art. V, Sec. 2"
2020,Panama,PAN,Latin America & Caribbean,High income,18,"Ley No. 30 de 2015, Arts. 1-2",No,No applicable provisions could be located,Yes,"Código de la Família, Arts. 224(2) y 225; Ley No. 30 de 2015, Art. 1",Yes,"Código Penal, Arts. 209-210",Yes,"Código Penal, Arts. 200 y 201; Ley No. 82, Art. 43",Yes,"Ley No. 38, Cap. 3; Ley No. 82, Cap. IX",Yes,"Ley Núm. 83 sobre Cédula de Identidad Personal, Arts. 2 y 6; ID card application procedures",No,Constitución Política de la República de Panamá,N/A,
2020,Papua New Guinea,PNG,East Asia & Pacific,Lower middle income,21,"Marriage Act, Secs. 1(1) and 8(1)",Yes,"Marriage Act, Secs. 7-9 and 11",Yes,"Marriage Act, Sec. 17(1)(e)",Yes,"Marriage Act, Sec. 58(1)-(2); Criminal Code Act, Sec. 462(5)(l)",Yes,"Family Protection Act, Sec. 6",Yes,"Family Protection Act, Secs. 11, 16-17 and 22",Yes,"ID card application form; Civil Registration (Amendment) Act, Secs. 37C(4) and 37D(3)",Yes,"Constitution of the Independent State of Papua New Guinea, Arts. 9, 60 and 172, and Schedule 2.1.1",Yes,"Constitution of the Independent State of Papua New Guinea, Schedule 2.1.1.(2)"
2020,Paraguay,PRY,Latin America & Caribbean,Upper middle income,18,"Ley No. 5419/15, Art. 1",Yes,"Ley No. 5419/15, Art. 1(20)",Yes,"Código Civil, Art. 181(b); Ley No. 5419/15, Art. 1",No,No applicable provisions could be located,Yes,"Ley No. 5777/16 de Protección Integral para las Mujeres contra la Violencia, Art. 50; Ley No. 1600/00 contra la Violencia Doméstica, Art. 10",Yes,"Ley No. 1600/00 contra la Violencia Doméstica, Arts. 4-8",Yes,ID card application procedures ,No,Constitución Política de la República de Paraguay,N/A,
2020,Peru,PER,Latin America & Caribbean,Upper middle income,18,"Código Civil, Arts. 42, 241(1) y 244; Ley No. 27337, Art. I",Yes,"Código Civil, Arts. 241(1) y 244; Ley No. 27337, Arts. I y 113",Yes,"Código Civil, Arts. 241(1) y 277",Yes,"Código Penal, Art. 141; Código Civil, Art. 247",Yes,"Código Penal, Arts. 107, 121-B, 122-B y 170(2)",Yes,"Ley No. 30364, Título II",Yes,"Ley No. 26497 Orgánica del Registro Nacional de Identificación y Estado Civil, Art. 31; ID card application procedures",No,Constitución Política del Perú,N/A,
2020,Philippines,PHL,East Asia & Pacific,Lower middle income,25,"Family Code, Arts. 14-15",Yes,"Family Code, Arts. 14-15",Yes,"Family Code, Arts. 35(1) and 45(1)",Yes,"Penal Code, Arts. 350 and 352; Family Code, Art. 16",Yes,"Anti-Violence Against Women and Their Children Act, Sec. 6",Yes,"Anti-Violence Against Women and Their Children Act, Secs. 7, 13 and 35(b),(d)",N/A,No applicable provisions could be located,No,The 1987 Constitution of the Republic of the Philippines,N/A,
2020,Poland,POL,High income: OECD,High income,18,"Family and Guardianship Code, Art. 10(1)",Yes,"Family and Guardianship Code, Arts. 10(1) and (3)",Yes,"Family and Guardianship Code, Art. 10(2)",No,No applicable provisions could be located,Yes,"Penal Code, Art. 207",Yes,"Act of 29 July 2005 on Counteraction of Domestic Violence, Art. 9d; Ordinance of the Council of Ministers of 13 September 2011 Concerning the Blue Cards Procedure",Yes,"Law on Identity Cards (2010 with amendments 2019.653), Arts. 5(1) and 6(1)",No,Constitution of the Republic of Poland,N/A,
2020,Portugal,PRT,High income: OECD,High income,18,"Civil Code, Arts. 130, 1597(2) and 1612(1)",Yes,"Civil code, Arts. 1597(2), 1601(a) and 1612  ",Yes,"Civil Code, Arts. 1601(a), 1631(a) and 1639",No,No applicable provisions could be located,Yes,"Penal Code, Art. 152(1)-(3)",Yes,"Law No. 112/2009, Arts. 28-29; Penal Code, Art 152 (1)- (3)     ",Yes,"Law No. 7/2007, Art. 3; ID card application procedures",No,Constitution of the Portuguese Republic,N/A,
2020,Puerto Rico (U.S.),PRI,Latin America & Caribbean,High income,21,"Código Civil,  Arts. 97 y 378",Yes,"Código Civil, Arts. 380(b) y 381",Yes,"Código Civil, Arts. 403 y 406(a)",Yes,"Código Penal, Arts. 114 y 115",Yes,"Ley para la Prevención e Intervención con la Violencia Doméstica, Arts. 3.1 y 3.5",Yes,"Ley para la Prevención e Intervención con la Violencia Doméstica, Arts. 2.2 y 2.3; Ley No. 30 de 2011",N/A,No applicable provisions could be located ,No,Constitución del Estado Libre Asociado de Puerto Rico,N/A,
2020,Qatar,QAT,Middle East & North Africa,High income,..,"Family Law, Arts. 12, 26, 28 and 29",Yes,"Family Law, Art. 17",Yes,"Family Law, Arts. 11, 17 and 52",No,No applicable provisions could be located,No,No applicable provisions could be located,No,No applicable provisions could be located,Yes,"Law on Identity Cards, Art. 2; ID card application form",No,Constitution of Qatar,N/A,
2020,Romania,ROM,Europe & Central Asia,High income,18,"Civil Code, Art. 272(1)",Yes,"Civil Code, Art. 272(2)-(5)",Yes,"Civil Code, Arts. 294 and 297",No,No applicable provisions could be located,Yes,"Criminal Code, Art. 199",Yes,"Law No. 217/2003 on Preventing and Combating Domestic Violence, as amended by Law No. 174/2018 on Preventing and Combating Domestic Violence, Ch. III^1 and IV",Yes,"ID Card Application and Issuance Procedure; Emergency Ordinance No. 97/2005 Regarding the Record, the Domicile, the Residence and the Identity Documents of the Romanian Citizens, Art. 12",No,Constitution of Romania,N/A,
2020,Russian Federation,RUS,Europe & Central Asia,Upper middle income,18,"Family Code, Art. 13(1)",Yes,"Family Code, Art. 13(2); Law No. 61/2008-OZ",Yes,"Family Code, Arts. 27(1) and 28",No,No applicable provisions could be located,No,No applicable provisions could be located,No,No applicable provisions could be located,Yes,"Regulation No. 828 on the Passport of a Citizen, Arts. 4 and 11; Passport application form",No,Constitution of the Russian Federation,N/A,
2020,Rwanda,RWA,Sub-Saharan Africa,Low income,21,"Law Governing Persons and Family, Art. 168",No,No applicable provisions could be located,Yes,"Law Governing Persons and Family, Art. 193(1); Penal Code, Art. 194",Yes,"Penal Code, Arts. 194 and 195",Yes,"Law on Prevention and Punishment of Gender-Based Violence, Ch. III, Sec. 2",Yes,"Law on Prevention and Punishment of Gender-Based Violence, Ch. III, Sec. 1",Yes,Law No. 14/28 Governing Registration of the Population and Issuance of the National Identity Card; ID card application procedures,Yes,"Constitution of the Republic of Rwanda of 2003 Revised in 2015, Art. 176",Yes,"Constitution of the Republic of Rwanda of 2003 Revised in 2015, Art. 176"
2020,Samoa,WSM,East Asia & Pacific,Upper middle income,19,"Marriage Ordinance 1961, Sec. 10(1)",Yes,"Marriage Ordinance 1961, Secs. 9 and 10",No,No applicable provisions could be located,Yes,"Marriage Ordinance 1961, Secs. 30 and 33",No,No applicable provisions could be located,Yes,"Family Safety Act, Secs. 8, 10 and 19",N/A,No applicable provisions could be located ,Yes,"Constitution of the Independent State of Samoa, Art. 111",Yes,"Constitution of the Independent State of Samoa, Art. 111"
2020,San Marino,SMR,Europe & Central Asia,High income,18,"Reform of Family Law, Art. 4; Law on the Age of Majority, Art. 1",Yes,"Reform of Family Law, Art. 4",Yes,"Reform of Family Law, Art. 132",No,No applicable provisions could be located,Yes,"Prevention and Repression of Violence against Women and Gender-Based Violence Law No. 97 of 2008, Arts. 5, 6 and 10; Law 6 May 2016 No. 57, Arts. 12 and 16",Yes,"Prevention and Repression of Violence against Women and Gender-Based Violence Law No. 97 of 2008, Art. 28",Yes,"Delegated Decree No. 105 of 16 August 2016, Art. 2",Yes,"Declaration of Citizen Rights and the Fundamental Principles of the Juridical Order of San Marino, Art. 3bis",Yes,"Declaration of Citizen Rights and the Fundamental Principles of the Juridical Order of San Marino, Art. 3bis"
2020,São Tomé and Príncipe,STP,Sub-Saharan Africa,Lower middle income,18,"Regulation of Family Institutions, Art. 3(1); Family Code, Arts. 20 and 22(d)",Yes,"Regulation of Family Institutions, Art. 3(2)-(4)",Yes,"Family Code, Arts. 20 and 22(d)",No,No applicable provisions could be located,Yes,"Law on Domestic and Family Violence, Arts. 13-20",Yes,"Law on Domestic and Family Violence, Arts. 21-23",Yes,"Civil Identification Law, Decree No. 251/71, Art. 11",No,Constitution of the Democratic Republic of Sao Tome and Principe,N/A,
2020,Saudi Arabia,SAU,Middle East & North Africa,High income,..,;,Yes,Ministry Circular No. 13(T)7969,No,No applicable provisions could be located,No,No applicable provisions could be located,Yes,"Law on Protection from Harm, Art. 13",No,No applicable provisions could be located,No,"Civil Status Law, Art. 67; ID card application form",No,Basic Law of Governance of Saudi Arabia,N/A,
2020,Senegal,SEN,Sub-Saharan Africa,Lower middle income,18,"Code de la Famille, Arts. 109 et 276",Yes,"Code de la Famille, Arts. 109 et 111",Yes,"Code de la Famille, Arts. 138(2) et 141",Yes,"Code Pénal, Art. 173",Yes,"Code Pénal, Arts. 297 bis et 312",No,No applicable provisions could be located,Yes,"Décret No. 216-1536 Portant Application de la Loi No. 2016-9 Instituant une Carte d’Identité Biométrique CEDEAO, Art. 1; ID card application procedures",No,Constitution de la République du Sénégal,N/A,
2020,Serbia,SRB,Europe & Central Asia,Upper middle income,18,"Family Law, Art. 11",Yes,"Family Law, Arts. 11 and 23",Yes,"Family Law, Arts. 23 and 37(1)",No,No applicable provisions could be located,Yes,"Criminal Code, Art. 194",Yes,"Law on the Prevention of Domestic Violence, Arts. 10 and 18-20",Yes,"Law on ID Cards, Arts. 2, 3 and 7; ID card application procedures",No,Constitution of the Republic of Serbia,N/A,
2020,Seychelles,SYC,Sub-Saharan Africa,High income,18,"Civil Status Act, Secs. 40, 46 and 47",Yes,"Civil Status Act, Secs. 40, 46 and 47",Yes,"Matrimonial Causes Act, Sec. 12(1)(a); Civil Status Act, Sec. 50",Yes,"Civil Status Act, Secs. 108(d)(e) and 109",Yes,"Domestic Violence Act 2020, Part V",Yes,"Domestic Violence Act 2020, Sec. 2; Family Violence (Protection of Victims) Act, 2000, Sec. 3",Yes,"National Identity Cards Act, Arts. 4 and 5; ID card application procedures",No,Constitution of the Republic of Seychelles,N/A,
2020,Sierra Leone,SLE,Sub-Saharan Africa,Low income,18,"Child Rights Act 2007, Sec. 34(1)",No,No applicable provisions could be located,Yes,"Child Rights Act 2007, Secs. 34(1) and 34(3)",Yes,"Child Rights Act 2007, Sec. 35",Yes,"Domestic Violence Act 2007, Sec. 2(3)",Yes,"Domestic Violence Act 2007, Secs. 11-23",Yes,"National Civil Registration Act, Art. 14(b)",Yes,"Constitution of Sierra Leone, Art. 170(1) and (2)",No,"Constitution of Sierra Leone, Art. 27(4)"
2020,Singapore,SGP,East Asia & Pacific,High income,21,"Women's Charter, Secs. 2 and 13",Yes,"Women's Charter, Secs. 9, 13, 17(2) and 21(2)",Yes,"Women's Charter, Secs. 9 and 105",Yes,"Women's Charter, Sec. 37 and 40(2)(c)",No,No applicable provisions could be located,No,No applicable provisions could be located,Yes,"National Registration Act, Sec. 5; ID card application procedures",No,Constitution of the Republic of Singapore,N/A,
2020,Slovak Republic,SVK,High income: OECD,High income,18,"Family Act, Sec. 11; Civil Code, Sec. 8",Yes,"Family Act, Sec. 11",Yes,"Family Act, Secs. 11 and 17(b) ",No,No applicable provisions could be located,Yes,"Criminal Code, Secs. 200, 208, 360 and 360a",No,No applicable provisions could be located,Yes,"ID card application procedures;  Law on Identity Cards Act 224/2006, Art. 2(2)",No,Constitution of the Slovak Republic,N/A,
2020,Slovenia,SVN,High income: OECD,High income,18,"Family Code, Arts. 5 and 24",Yes,"Family Code, Art. 24(2)",Yes,"Family Code, Art. 45",No,No applicable provisions could be located,Yes,"Criminal Code, Arts. 171 and 191",Yes,"Domestic Violence Prevention Act, Arts. 22a-22h",Yes,"ID card application procedures; Law on Personal Identity Card, Art. 2",No,Constitution of the Republic of Slovenia,N/A,
2020,Solomon Islands,SLB,East Asia & Pacific,Lower middle income,18,"Islanders' Marriage Act, Sec. 10(3)",Yes,"Islanders' Marriage Act, Sec. 10(1) and (3)",No,No applicable provisions could be located,Yes,"Islanders' Marriage Act, Sec. 10(2)",Yes,"Family Protection Act, Part 6",Yes,"Family Protection Act, Part 3, Div. 1-2 and 6-7",N/A,No applicable provisions could be located ,Yes,"The Constitution of Solomon Islands, Art. 15(5)(d)",No,"The Constitution of Solomon Islands, Art. 15(5)(d)"
2020,Somalia,SOM,Sub-Saharan Africa,Low income,18,"Family Law, Art. 16",Yes,"Family Law, Arts. 16-17",No,No applicable provisions could be located,No,No applicable provisions could be located,No,No applicable provisions could be located,No,No applicable provisions could be located,Yes,ID card application form,Yes,"Provisional Constitution of Somalia, Art. 40(4)",Yes,"Provisional Constitution, Art. 40(4)"
2020,South Africa,ZAF,Sub-Saharan Africa,Upper middle income,18,"Marriage Act, 1961, Sec. 24(1); Children's Act 38 of 2005, Sec. 17",Yes,"Marriage Amendment Act, 1981, Sec. 2(26)(1); Children's Act 38 of 2005, Sec. 18(3)(c)(i)",No,No applicable provisions could be located,Yes,"Marriage Act, 1961, Secs. 11(2) and 35",Yes,"Domestic Violence Act of 1998, Secs. 3 and 4(2)(b); Criminal Procedure Act 51 of 1977, Sec. 40(q)",Yes,"Domestic Violence Act, 1998, Secs. 4-5 and 11-12",Yes,"Identification Act, Arts. 3 and 15",Yes,"Constitution of the Republic of South Africa, Art. 39",Yes,"Constitution of the Republic of South Africa, Arts. 2 and 39(3)"
2020,South Sudan,SSD,Sub-Saharan Africa,Low income,18,"Child Act, Secs. 5 and 23(1); Transitional Constitution of the Republic of South Sudan, Art. 17(4)",No,No applicable provisions could be located,No,No applicable provisions could be located,Yes,"Child Act, Sec. 30",No,No applicable provisions could be located,No,No applicable provisions could be located,Yes,ID card application procedures ,Yes,"Transitional Constitution of the Republic of South Sudan, 2011, Art. 5",Yes,"Transitional Constitution of the Republic of South Sudan, 2011, Arts. 5 and 14"
2020,Spain,ESP,High income: OECD,High income,18,"Código Civil, Arts. 46(1) y 315",Yes,"Código Civil, Arts. 46(1), 314 y 317",Yes,"Código Civil, Arts. 46(1) y 73(2)",Yes,"Código Penal, Arts. 218 y 219",Yes,"Ley Orgánica 1/2004 de Medidas de Protección Integral contra la Violencia de Género, Título IV; Código Penal, Arts. 173(2)-(4) y 177",Yes,"Ley Orgánica 6/1985, de 1 de julio, del Poder Judicial, Arts. 87 bis y 87 ter; Ley de Enjuiciamiento Criminal, Arts. 14(5) y 544 ter",Yes,"Real Decreto 1553/2005, Arts. 2, 5 y 11; ID card application procedures",No,Constitución Española,N/A,
2020,Sri Lanka,LKA,South Asia,Lower middle income,18,"Marriage Registration Ordinance, Sec. 15; Gunaratnam vs. Registra General",Yes,"Marriage Registration Ordinance, Sec. 22",Yes,"Marriage Registration Ordinance, Secs. 31 and 60",Yes,"Marriage Registration Ordinance, Secs. 31 and 60",Yes,"Prevention of Domestic Violence Act, No. 34 of 2005, Sec. 23; Penal Code, Ch. XVI",Yes,"Prevention of Domestic Violence Act, No. 34 of 2005, Secs. 5-6, 11-12",Yes,"Registration of Persons Act No. 32 of 1968, Arts. 2 and 14; ID card application procedures",Yes,"Constitution of the Democratic Socialist Republic of Sri Lanka, Art. 16",No,"Constitution of Democratic Socialist Republic of Sri Lanka, Art. 16"
2020,St. Kitts and Nevis,KNA,Latin America & Caribbean,High income,18,"Marriage Act, Sec. 36",Yes,"Marriage Act, Sec. 28(2)(3), 36 and Second Schedule",Yes,"Marriage Act, sect. 28(2)-(3)",Yes,"Marriage Act, Sec. 60",Yes,"Domestic Violence Act, Sec. 35(1)",Yes,"Domestic Violence Act, Sec. 2, 36-39 and Part II",Yes,Voter registration brochure ,No,The Constitution of Saint Christopher and Nevis,N/A,
2020,St. Lucia,LCA,Latin America & Caribbean,Upper middle income,18,"Civil Code, Arts. 85 and 213",Yes,"Civil Code, Arts. 81, 85 and 89",Yes,"Civil Code, Art. 81",Yes,"Criminal Code, Sec. 184",Yes,"Domestic Violence (Summary Proceedings) Act, Sec. 24",Yes,"Domestic Violence (Summary Proceedings) Act, Secs. 2, 18-21 and 26-27",Yes,ID card application procedures ; ID card application form,No,Constitution of Saint Lucia,N/A,
2020,St. Vincent and the Grenadines,VCT,Latin America & Caribbean,Upper middle income,18,"Marriage Act, Sec. 25(1)",Yes,"Marriage Act, Secs. 4(1) and 25(2)-(3)",Yes,"Marriage Act, Sec. 4(1)",Yes,"Marriage Act, Sec. 50",Yes,"Domestic Violence Act, 2015, Secs. 25 and 37",Yes,"Domestic Violence Act, 2015, Secs. 2 and 26-33",Yes,ID card application procedures ,No,Constitution of Saint Vincent and the Grenadines,N/A,
2020,Sudan,SDN,Sub-Saharan Africa,Low income,..,No applicable provisions could be located,Yes,"Code of Muslim Personal Law 1991, Art. 40",No,No applicable provisions could be located,No,No applicable provisions could be lcoated,No,No applicable provisions could be located,No,No applicable provisions could be located,Yes,"Civil Registration Act, Art. 27; ID card application form ",No,"Interim National Constitution of the Republic of the Sudan, 2005",N/A,
2020,Suriname,SUR,Latin America & Caribbean,Upper middle income,18,"Civil Code, Arts. 82 and 88-90",Yes,"Civil Code, Arts. 82 and 88-90",Yes,"Civil Code, Art. 142",Yes,"Criminal Code, Art. 442(2)",Yes,"Act Combating Domestic Violence, Art. 1(l) and (q)",Yes,"Act Combating Domestic Violence, Ch. 3",Yes,"ID card application procedures; Identity Act, Art. 2",No,Constitution of the Republic of Suriname,N/A,
2020,Sweden,SWE,High income: OECD,High income,18,"Marriage Code (1987: 230), Ch. 2, Sec. 1",No,No applicable provisions could be located,Yes,"Marriage Code (1987: 230), Ch. 2, Sec. 1",No,No applicable provisions could be located ,Yes,"Penal Code (1962:700), Ch. 4, Sec. 4a",Yes,"Restraining Order Act (1988: 688), Secs. 14-22",Yes,"ID card application procedures; Law on Identity Cards, Art. 1",No,Constitution of Sweden,N/A,
2020,Switzerland,CHE,High income: OECD,High income,18,"Swiss Civil Code, Art. 94",No,No applicable provisions could be located,Yes,"Swiss Civil Code, Arts. 104 and 105(6)",No,No applicable provisions could be located,Yes,"Swiss Criminal Code, Arts. 123, 126 and 180",Yes,"Violence Protection Act (GSG, LS 351), Secs. 8-12",Yes,"Loi sur les Documents d'Identité, Arts. 1 et 2; Ordonnance du DFJP sur les Documents d'Identité des Ressortissants Suisses",No,Federal Constitution of the Swiss Confederation,N/A,
2020,Syrian Arab Republic,SYR,Middle East & North Africa,Low income,..,"Personal Status Code and its amendments, Arts. 16 and 20",Yes ,"Personal Status Code and its amendments, Art. 18 ",No,No applicable provisions could be located,No,No applicable provisions could be located,No,No applicable provisions could be located,No,No applicable provisions could be located,Yes,"ID Card Law, Art. 1",No, Constitution of the Syrian Arab Republic 2012,N/A,
2020,"Taiwan, China",TWN,East Asia & Pacific,High income,20,"Civil Code, Art. 12",Yes,"Civil Code, Arts. 980, 981, 1086 and 1098",No,No applicable provisions could be located,No,No applicable provisions could be located,No,No applicable provisions could be located,Yes,"Domestic Violence Prevention Act, Ch. II and III",Yes,ID card application procedures ,No,Constitution of the Republic of China (Taiwan),N/A,
2020,Tajikistan,TJK,Europe & Central Asia,Low income,18,"Family Code, Art. 13(1)",Yes,"Family Code, Art. 13(2)",Yes,"Family Code, Art. 29",Yes,"Criminal Code, Arts. 168 and 169",No,No applicable provisions could be located,Yes,"Law on the Prevention of Domestic Violence, Art. 21",Yes,"Law on Identity Documents, Arts. 6(2) and 13",No,Constitution of Tajikistan,N/A,
2020,Tanzania,TZA,Sub-Saharan Africa,Lower middle income,18,"The Law of Marriage Act, Secs. 13(1) and 17",Yes,"The Law of Marriage Act, Secs. 13(2) and 17",Yes,"The Law of Marriage Act, Secs. 38(1)(a) and 39(c)",Yes,"The Law of Marriage Act, Sec. 155(1)(a); The Written Laws (Miscellaneous Amendments) (No. 2) Act, Sec. 22",No,No applicable provisions could be located,No,No applicable provisions could be located,Yes,"Registration and Identification of Persons Act 1986, as amended, Art. 7",No,Constitution of the United Republic of Tanzania,N/A,
2020,Thailand,THA,East Asia & Pacific,Upper middle income,20,"Civil and Commercial Code, Secs. 19 and 1436",Yes,"Civil and Commercial Code, Secs. 1448 and 1454",Yes,"Civil and Commercial Code, Secs. 1503 and 1504",No,No applicable provisions could be located,Yes,"Domestic Violence Victim Protection Act B.E. 2550, Sec. 4",Yes,"Domestic Violence Victim Protection Act B.E.2550, Secs. 11-12, 15 and 16; Juvenile and Family Court and Juvenile and Family Case Procedure Act B.E. 2553, Secs. 172-176",Yes,"National Identification Card Act, Art. 5; ID card application procedures and form",No,Constitution of the Kingdom of Thailand 2017,N/A,
2020,Timor-Leste,TMP,East Asia & Pacific,Lower middle income,17,"Civil Code, Arts. 118 and 1500(1)",Yes,"Civil Code, Arts. 1490(a), 1493(a) and 1500",Yes,"Civil Code, Arts. 1490(a), 1493(a) and 1519(a)",No,No applicable provisions could be located,Yes,"Domestic Violence, Art. 35; Criminal Code, Arts. 52(2)(l), 154 and 173(a)",No,No applicable provisions could be located,Yes,"Decree-Law No. 2/2004 on Civil Identification, Arts. 6, 18 and 19 ",Yes,"Constitution of the Democratic Republic of Timor-Leste, Art. 2",Yes,"Constitution of the Democratic Republic of Timor-Leste, Art. 2"
2020,Togo,TGO,Sub-Saharan Africa,Low income,18,"Code de l'Enfant de 2007, Art. 267; Code des Personnes et de la Famille de 2012, Art. 43",Yes,"Code de l'Enfant de 2007, Art. 267; Code des Personnes et de la Famille de 2012, Art. 43",No,No applicable provisions could be located,Yes,"Code de l'Enfant de 2007, Art. 273",No,No applicable provisions could be located,No,No applicable provisions could be located,Yes,ID card application procedures; Le Guide Juridique du Citoyen,Yes,"Constitution de la IVe République, Art. 84",Yes,"Constitution de la IVe République, Art. 84 "
2020,Tonga,TON,East Asia & Pacific,Upper middle income,18,"Births, Deaths and Marriages Registration Act, Sec. 6",Yes,"Births, Deaths and Marriages Registration Act, Sec. 6",No,No applicable provisions could be located,No,No applicable provisions could be located,Yes,"Family Protection Act 2013, Secs. 28(2) and 29",Yes,"Family Protection Act 2013, Secs. 18-19, 30-31 and 39-40",Yes,"National Identity Card Act, Sec. 7",No,Constitution of Tonga,N/A,
2020,Trinidad and Tobago,TTO,Latin America & Caribbean,High income,18,"Miscellaneous Provisions (Marriage) Act, 2017, art. 3(e)",No,No applicable provisions can be located,Yes,"Miscellaneous Provisions (Marriage) Act, 2017, art. 3(l)",Yes,"Miscellaneous Provisions (Marriage) Act, 2017, art. 3(m)",Yes,"Domestic Violence Act, Sect. 25",Yes,"Domestic Violence Act, Parts II-III",Yes,Obtaining a National Identification Card ,No,Constitution of the Republic of Trinidad and Tobago,N/A,
2020,Tunisia,TUN,Middle East & North Africa,Lower middle income,18,"Code du Statut Personnel, Art. 5",Yes,"Code du Statut Personnel, Arts. 5 et 6",Yes,"Code du Statut Personnel, Art. 21",No,No applicable provisions could be located,Yes,"Loi organique No. 2017-58 du 11 août 2017, relative à lélimination de la violence à légard des femmes, Art. 15 (Art. 218)",Yes,"Loi organique No. 2017-58 du 11 août 2017, relative à lélimination de la violence à légard des femmes, Ch. IV",No,"Loi No. 93-27 du 22 Mars 1993, Relative à la Carte Nationale d'Identité, Art. 2; Décret n°93-717 du 13/04/1993 relatif à la fixation des normes matérielles et techniques de la carte d'identité nationale et les documents requis pour son acquisition ou son changement, Art. 1(a)(3)",No,Constitution de la République Tunisienne,N/A,
2020,Turkey,TUR,Europe & Central Asia,Upper middle income,18,"Civil Code, Arts. 11 and 126",Yes,"Civil Code, Arts. 12 and 124",No,No applicable provisions could be located,No,No applicable provisions could be located,Yes,"Penal Code, Arts. 82(1)(d), 86(3)(a), 96(2)(b) and 102(2)",Yes,"Law to Protect Family and Prevent Violence Against Women, Arts. 4-5, 8-9 and 20(1)",Yes,"Population Services Law, Art. 11; ID card application procedures",No,Constitution of the Republic of Turkey,N/A,
2020,Uganda,UGA,Sub-Saharan Africa,Low income,21,"The Constitution of the Republic of Uganda 1995, Art. 31; Marriage Act 1904, Sec. 17",Yes,"Marriage Act 1904, Secs. 17-19; Constitution of the Republic of Uganda 1995, Art. 31(1)",No,No applicable provisions could be located,Yes,"Marriage Act 1904, Sec. 45",Yes,"Domestic Violence Act 2010, Sec. 4",Yes,"Domestic Violence Act 2010, Secs. 6, 9 and 17",Yes,"ID card application procedures; The Registration of Persons Act, 2015, Arts. 68, 69 and schedule 3",Yes,"Constitution of the Republic of Uganda 1995, Art. 2",Yes,"Constitution of the Republic of Uganda 1995, Arts. 2 and 33(6)"
2020,Ukraine,UKR,Europe & Central Asia,Lower middle income,18,"Family Code, Art. 22(1)",Yes,"Family Code, Art. 23 (2)",Yes,"Family Code, Arts. 38 and 41(4)",No,No applicable provisions could be located,Yes,"Criminal Code, Art. 126-1",Yes,"Law on Prevention and Counteraction to Domestic Violence, Arts. 25-26; Civil Procedure Code, Arts. 350.1-8",Yes,"Resolution CM No. 302 of  March 25, 2015, Annex 1; ID card application procedures",No,Constitution of Ukraine,N/A,
2020,United Arab Emirates,ARE,Middle East & North Africa,High income,..,"Personal Status Law, Art. 39",Yes,"Personal Status Law, Art. 30(2)",No,No applicable provisions could be located,No,No applicable provisions could be located,Yes,"Federal Domestic Violence Law, Art. 9",Yes,"Federal Domestic Violence Law, Art. 7",Yes,"Federal Law No. 9/2006, Arts. 4 and 9",No,Constitution of the United Arab Emirates,N/A,
2020,United Kingdom,GBR,High income: OECD,High income,18,"Marriage Act 1949, Sec. 3; Family Law Reform Act 1969, Sec. 2",Yes,"Marriage Act 1949, Secs. 2 and 3(1)",Yes,"Marriage Act 1949, Sec. 2",No,No applicable provisions could be located,No,No applicable provisions could be located,Yes,"Family Law Act 1996, Sec. 57",N/A,No applicable provisions could be located ,..,No Constitution,N/A,
2020,United States,USA,High income: OECD,High income,18,"Domestic Relations Law, Sec. 7",Yes,"Domestic Relations Law, Sec. 15(3)",Yes,"Domestic Relations Law, Sec. 7 ",Yes,"Domestic Relations Act, Secs. 15-a and 22",Yes,"Violence Against Women Act of 1994, Sub. B, Ch. Sec. 221; N.Y. Soc. Services Law, Art. 6-A, Sec. 459-a",Yes,"New York Criminal Procedure Law, Sec. 530.12; Integrated Domestic Violence Courts",N/A,No applicable provisions could be located ,No,United States Constitution,N/A,
2020,Uruguay,URY,Latin America & Caribbean,High income,18,"Código Civil, Arts. 106 y 109",Yes,"Código Civil, Arts. 106-110; Ley No. 19.075, Art. 26",Yes,"Código Civil, Arts. 91, 200 y 204",Yes,"Código Civil, Arts. 115 y 204; Código Penal, Art. 162",Yes,"Código Penal, Art. 321 bis",Yes,"Ley No. 17.514 de Violencia Doméstica, Cap. II y VI; Ley No. 17.707, Art. 1",Yes,ID card application procedures ,No,Constitución de la República Oriental del Uruguay,N/A,
2020,Uzbekistan,UZB,Europe & Central Asia,Lower middle income,18,"Family Code, Art. 15(1)",Yes,"Family Code, Art. 15(2)",Yes,"Family Code, Art. 49",Yes,"Code of Administrative Liability, Art. 47-3; Criminal Code, Art. 125-1",No,No applicable provisions could be located,No,No applicable provisions could be located,N/A,No applicable provisions could be located,No,Constitution of Uzbekistan,N/A,
2020,Vanuatu,VUT,East Asia & Pacific,Lower middle income,21,"Control of Marriage Act, Sec. 3",Yes,"Control of Marriage Act, Secs. 2 and 3",No,No applicable provisions could be located,Yes,"Control of Marriage Act, Sec. 7(1)",Yes,"Family Protection Act 2008, Sec. 10",Yes,"Family Protection Act 2008, Part. 5",N/A,No applicable provisions could be located ,Yes,"Constitution of the Republic of Vanuatu, Art. 95(3)",No,"Constitution of the Republic of Vanuatu, Art. 95"
2020,"Venezuela, RB",VEN,Latin America & Caribbean,Upper middle income,18,"Código Civil, Arts. 18 y 59",Yes,"Código Civil, Arts. 46 y 59-65; Sentencia No. 1353 de la Sala Constitucional del Tribunal Supremo de Justicia del 16 de octubre de 2014",No,No applicable provisions could be located,Yes,"Código Civil, Art. 133",Yes,"Ley Orgánica sobre el Derecho de las Mujeres a una Vida Libre de Violencia, Arts. 39, 42, 43 y 50",Yes,"Ley Orgánica sobre el Derecho de las Mujeres a una Vida Libre de Violencia, Arts. 94-104",Yes,"Decreto No. 1412, Arts. 6, 16 y 17; ID card application procedures",No,Constitución de la República Bolivariana de Venezuela,N/A,
2020,Vietnam,VNM,East Asia & Pacific,Lower middle income,18,"Law on Marriage and Family, Art. 8(1)(a)",No,No applicable provisions could be located,Yes,"Law on Marriage and Family, Art. 5(2)(b); Law on Domestic Violence Prevention and Control, Art. 2(1)(f)",Yes,"Decree 110/2013, Art. 47; Penal Code, Arts. 148 and 149",Yes,"Law on Domestic Violence Prevention and Control, Art. 19(1)(c) and (3); Penal Code, Arts. 134(1)(g) and 185",Yes,"Law on Domestic Violence Prevention and Control, Arts. 20-22 and 25",Yes,"Decree No. 5/1999/ND-CP on the People's Identity Card, Art. 3; ID card application procedures",No,"Constitution of the Socialist Republic of Vietnam, 2013",N/A,
2020,West Bank and Gaza,WBG,Middle East & North Africa,Lower middle income,..,"Law on Amending the Legal Age of Marriage in Personal Status Law in the State of Palestine, Art. 2(1)(2); Personal Status Code of 1976, Art. 6",Yes,"Law on Amending the Legal Age of Marriage in Personal Status Law in the State of Palestine, Art. 2(2); Personal Status Code of 1976, Art. 6",Yes,"Personal Status Law, Arts. 34(1) and 5",No,No applicable provisions could be located,No,No applicable provisions could be located,No,No applicable provisions could be located,Yes,"Civil Status Law No. 2 of 1999, Art. 43; ID card application form ",No,Basic Law,N/A,
2020,"Yemen, Rep.",YEM,Middle East & North Africa,Low income,..,"Personal Status Law Amendment, Art. 15",Yes,"Personal Status Law Amendment,  Art. 15",No,No applicable provisions could be located,No,No applicable provisions could be located,No,No applicable provisions could be located,No,No applicable provisions could be located,Yes,"Law No. 23 of 1991 on Civil Status and Civil Registration, Art. 49; ID card application procedures",No,"Constitution of the Republic of Yemen, 2001",N/A,
2020,Zambia,ZMB,Sub-Saharan Africa,Lower middle income,21,"Marriage Act, Sec. 17",Yes,"Marriage Act, Secs. 17 and 33",Yes,"Marriage Act, Sec. 33; Matrimonial Causes Act, Sec. 27(1)(a)(ii)",Yes,"Marriage Act, Sec. 42",Yes,"The Anti-Gender-Based Violence Act, 2010, Sec. 2(1)",Yes,"The Anti-Gender-Based Violence Act, 2010, Sec. 11",Yes,"National Registration Act, Art. 5",Yes,"Constitution of Zambia (Amendment) Act 2016, Art. 1",No,"Constitution of Zambia (Amendment) Act 2016, Art. 1; Constitution of Zambia, as amended, Art. 23(4)"
2020,Zimbabwe,ZWE,Sub-Saharan Africa,Lower middle income,18,"Constitution of Zimbabwe, Secs. 26(b), 78 and 81; Marriage Act [Chapter 5:11], Sec. 20",No,"Mudzuru & Another v Ministry of Justice, Legal & Parliamentary Affairs (N.O.) & Others (Const. Application No. 79/14, CC 12-15); Constitution of Zimbabwe, Secs. 26(b), 78 and 81",Yes,No applicable provisions could be located,Yes,"Marriage Act [Chapter 5:11] , Sec. 35 ; Criminal Law (Codification and Reform) Act [Chapter 9:23], Sec. 94(b)(c)",Yes,"Domestic Violence Act [Chapter 5:16], Sec. 4(1)",Yes,"Domestic Violence Act [Chapter 5:16], Parts III, IV and Sec. 18",Yes,ID card application procedures ,Yes,"Constitution of Zimbabwe, Arts. 162 and 280",Yes,"Constitution of Zimbabwe, Art. 2(1)"
,,,,,,,,,,,,,,,,,,,,,,
